面积,地区,floor,租金,名称,orientation,看过的人,time,房型
109平米,北苑租房,,6600,北苑家园茉藜园,,37,,2室1厅
97平米,北苑租房,,7500,中国铁建国际城,,22,,2室2厅
102平米,马家堡租房,,6800,星河城东区,,18,,2室1厅
76平米,马家堡租房,,5700,明日嘉园,,18,,2室1厅
88平米,西三旗租房,,5600,富力桃园C区,,25,,2室1厅
57平米,北苑租房,,4600,北苑5号院二区,,31,,2室1厅
92平米,东坝租房,,6700,首开常青藤二期,,28,,3室1厅
86平米,西三旗租房,,5600,金榜园,,23,,2室1厅
43平米,草桥租房,,4200,恋日嘉园一期,,19,,1室1厅
103平米,北苑租房,,6700,北苑家园望春园,,11,,2室1厅
94平米,北苑租房,,6800,北苑家园绣菊园南区,,28,,2室1厅
91平米,北苑租房,,7000,筑华年,,22,,3室1厅
117平米,北苑租房,,12000,中国铁建国际城,,9,,3室1厅
83平米,马家堡租房,,6000,嘉丽园,,15,,2室1厅
117平米,双桥租房,,7300,珠江绿洲,,13,,2室1厅
104平米,马家堡租房,,7400,丽水园,,26,,2室2厅
108平米,马家堡租房,,8000,星河城西区,,31,,3室1厅
299平米,北苑租房,,33000,润泽庄园,,9,,4室1厅
151平米,北苑租房,,5200,北苑家园望春园,,20,,1室1厅
61平米,马家堡租房,,5300,星河城东区,,14,,1室1厅
89平米,北苑租房,,8000,华贸城,,4,,2室1厅
41平米,马家堡租房,,4200,马家堡西里,,2,,1室1厅
89平米,大红门租房,,6300,上海建筑,,4,,2室1厅
38平米,草桥租房,,4200,城市涧,,6,,1室0厅
60平米,马家堡租房,,5500,星河城西区,,7,,1室1厅
85平米,北苑租房,,6600,新街坊,,8,,2室1厅
130平米,西三旗租房,,8500,枫丹丽舍,,10,,3室2厅
128平米,西三旗租房,,8200,枫丹丽舍,,11,,3室1厅
95平米,草桥租房,,6500,未来上层,,12,,2室2厅
135平米,北苑租房,,9500,华贸城,,15,,3室1厅
73平米,北苑租房,,6500,北苑家园茉藜园,,15,,3室1厅
116平米,马家堡租房,,8300,益星园,,11,,2室1厅
121平米,草桥租房,,8300,恋日花都,,3,,2室1厅
172平米,北苑租房,,16000,中国铁建国际城,,4,,5室2厅
141平米,北苑租房,,12500,华贸城,,8,,3室1厅
42平米,草桥租房,,4050,南珠苑,,1,,1室1厅
43平米,马家堡租房,,4400,明日嘉园,,12,,1室0厅
51平米,马家堡租房,,4400,晨欣园,,13,,1室1厅
56平米,马家堡租房,,5000,丽水园,,5,,1室0厅
57平米,草桥租房,,5000,冬季星空,,19,,1室1厅
64平米,草桥租房,,4800,草桥欣园三区,,28,,2室1厅
55平米,北苑租房,,4800,华贸城,,0,,1室0厅
76平米,草桥租房,,5500,玉安园,,4,,2室1厅
131平米,草桥租房,,11000,玉芳园,,0,,3室2厅
68平米,草桥租房,,4600,风景club,,4,,1室1厅
62平米,马家堡租房,,5500,星河城东区,,6,,1室1厅
61平米,北苑租房,,6500,中国铁建国际城,,8,,2室1厅
79平米,草桥租房,,5200,草桥欣园20号院,,1,,2室1厅
191平米,草桥租房,,13000,玺萌公馆,,2,,1室2厅
110平米,军博租房,,13500,北蜂窝路5号院,,16,,3室1厅
137平米,马甸租房,,16000,阳光丽景,,22,,3室1厅
56平米,草桥租房,,4200,南珠苑,,3,,1室0厅
82平米,回龙观租房,,5500,龙泽苑西区,,17,,2室1厅
58平米,石佛营租房,,5600,炫特嘉园二期,,28,,1室1厅
88平米,常营租房,,5600,保利嘉园三号院,,23,,2室1厅
146平米,双井租房,,16000,富力城D区,,33,,3室2厅
91平米,马家堡租房,,7000,润景家园,,25,,2室1厅
62平米,望京租房,,6300,南湖东园二区,,35,,2室1厅
59平米,望京租房,,5700,望花路西里,,35,,2室1厅
79平米,常营租房,,6300,万象新天四区,,21,,2室2厅
97平米,回龙观租房,,5200,龙锦苑五区,,29,,2室1厅
65平米,方庄租房,,5500,芳星园二区,,35,,2室1厅
87平米,清河租房,,6600,莱圳家园,,24,,2室2厅
82平米,丽泽租房,,7000,益丰苑,,26,,2室2厅
100平米,朝阳公园租房,,7800,泰华滨河苑,,24,,2室1厅
77平米,阜成门租房,,8200,北露园,,31,,2室1厅
55平米,望京租房,,6000,花家地西里三区,,45,,2室1厅
111平米,双井租房,,16500,富力城D区,,23,,1室2厅
99平米,天通苑租房,,5300,天通苑中苑,,24,,2室1厅
85平米,草桥租房,,5000,草桥欣园三区,,2,,2室1厅
95平米,双桥租房,,5500,艺水芳园,,20,,2室1厅
91平米,梨园租房,,4100,新城阳光,,34,,2室2厅
209平米,世纪城租房,,21500,春荫园,,28,,4室2厅
85平米,酒仙桥租房,,11000,丽都壹号,,39,,2室1厅
89平米,常营租房,,5600,保利嘉园三号院,,46,,2室1厅
148平米,甘家口租房,,19000,国兴家园,,25,,3室2厅
73平米,北苑租房,,7000,天润福熙大道,,1,,2室1厅
132平米,花乡租房,,6000,银地家园,,25,,3室1厅
135平米,望京租房,,15000,朝庭公寓,,35,,3室2厅
93平米,劲松租房,,7800,华腾园,,31,,2室2厅
72平米,北关租房,,3500,财富东方,,42,,2室1厅
103平米,朝青租房,,9500,润枫水尚,,33,,2室2厅
57平米,安贞租房,,6200,安贞西里,,22,,2室1厅
107平米,紫竹桥租房,,12500,人济山庄,,23,,2室2厅
61平米,五棵松租房,,5500,太平路40号院,,17,,2室1厅
78平米,潘家园租房,,5500,弘善家园,,18,,2室1厅
42平米,中关村租房,,7000,荣上居,,30,,2室1厅
110平米,望京租房,,10000,鹿港嘉苑,,19,,2室1厅
86平米,北苑租房,,7200,润泽悦溪,,27,,2室1厅
72平米,马家堡租房,,4500,南华小区,,17,,2室1厅
59平米,崇文门租房,,7000,新景家园东区,,25,,1室1厅
66平米,北苑租房,,6000,华贸城,,20,,2室1厅
52平米,北苑租房,,6500,华贸城,,27,,1室1厅
48平米,军博租房,,4600,北蜂窝66号院,,18,,1室1厅
59平米,鲁谷租房,,5500,远洋山水,,27,,1室1厅
59平米,望京租房,,5500,花家地南里,,17,,2室1厅
52平米,中关村租房,,6500,荣上居,,40,,1室1厅
49平米,老山租房,,3700,老山西里,,78,,1室1厅
83平米,清河租房,,6500,金隅美和园,,19,,2室1厅
87平米,二里庄租房,,7800,健翔园,,17,,2室1厅
46平米,紫竹桥租房,,5500,北洼西里,,18,,1室1厅
98平米,管庄租房,,5800,北京新天地,,24,,2室1厅
65平米,双榆树租房,,8000,知春路82号院,,18,,2室2厅
59平米,军博租房,,6500,复兴路乙6号院,,23,,2室1厅
63平米,西三旗租房,,4700,育新花园,,20,,2室1厅
96平米,小西天租房,,9400,枫蓝国际,,23,,2室1厅
34平米,九棵树(家乐福)租房,,2850,蓝调沙龙东区,,29,,1室0厅
91平米,望京租房,,8500,金隅丽港城,,26,,2室2厅
49平米,双榆树租房,,5800,知春里,,42,,1室1厅
63平米,东四租房,,9000,朝内大街201号院,,27,,2室1厅
80平米,回龙观租房,,5300,龙博苑一区,,21,,2室1厅
85平米,玉泉营租房,,5000,万年花城回迁,,21,,2室1厅
94平米,双桥租房,,6000,艺水芳园,,18,,2室1厅
90平米,长阳租房,,4000,芭蕾雨悦都南区,,19,,3室1厅
48平米,武夷花园租房,,2700,西上园老三区,,24,,1室1厅
69平米,交道口租房,,8800,土儿胡同,,32,,2室1厅
57平米,牡丹园租房,,7100,塔院小区,,38,,2室1厅
48平米,酒仙桥租房,,4900,晶都国际,,36,,1室1厅
63平米,玉泉营租房,,4500,育芳园甲一号院,,19,,2室1厅
92平米,安宁庄租房,,7600,上林溪,,22,,2室1厅
66平米,健翔桥租房,,6200,华严北里中科院,,21,,2室1厅
48平米,武夷花园租房,,2700,西上园老三区,,24,,1室1厅
84平米,双榆树租房,,10200,知春东里,,12,,3室1厅
58平米,甘家口租房,,6800,阜成路8号院,,14,,2室0厅
124平米,通州北苑租房,,6500,天时名苑,,19,,2室2厅
63平米,劲松租房,,6000,农光里,,15,,2室1厅
136平米,朝阳公园租房,,19000,观湖国际,,22,,2室2厅
101平米,东花市租房,,10000,东花市北里中区,,9,,3室2厅
136平米,朝青租房,,9800,国美第一城3号院,,18,,3室2厅
192平米,奥林匹克公园租房,,23000,国奥村,,4,,3室1厅
46平米,牡丹园租房,,6800,金尚嘉园,,18,,1室1厅
224平米,太阳宫租房,,36000,红玺台,,1,,4室2厅
47平米,马家堡租房,,4900,星河城西区,,1,,1室1厅
126平米,马坡租房,,5800,香悦四季,,1,,4室2厅
148平米,奥林匹克公园租房,,12000,澳景花庭,,2,,3室2厅
139平米,天通苑租房,,6800,天通苑东一区,,3,,3室2厅
63平米,西三旗租房,,4800,育新花园,,19,,2室1厅
43平米,果园租房,,3000,新华联家园北区,,25,,1室0厅
59平米,清河租房,,3100,毛纺厂南小区,,25,,2室1厅
59平米,石佛营租房,,5600,炫特嘉园二期,,21,,1室1厅
58平米,中关村租房,,8000,大泥湾,,6,,2室1厅
68平米,二里庄租房,,7900,科技大学,,7,,2室2厅
98平米,回龙观租房,,5700,融泽嘉园,,23,,2室1厅
198平米,望京租房,,20000,大西洋新城C区,,39,,3室2厅
36平米,万寿路租房,,4300,万寿路西街9号,,62,,1室1厅
118平米,双井租房,,20000,苹果社区北区,,29,,2室2厅
83平米,西红门租房,,5500,世嘉博苑,,26,,2室1厅
119平米,工体租房,,17000,海晟名苑,,33,,2室2厅
50平米,广安门租房,,4800,远见名苑,,35,,1室1厅
56平米,和平里租房,,6500,化工大院,,42,,2室1厅
78平米,梨园租房,,3700,时尚街区西区,,65,,2室1厅
48平米,大望路租房,,5500,易构空间,,46,,1室0厅
78平米,潘家园租房,,6300,松榆西里,,17,,2室1厅
69平米,南沙滩租房,,5800,北沙滩8号院,,44,,2室1厅
67平米,车公庄租房,,8500,九和苑,,64,,1室1厅
84平米,北苑租房,,6800,筑华年,,44,,2室1厅
107平米,北关租房,,5300,天赐良园二期,,36,,2室1厅
162平米,朝阳公园租房,,12000,丽水嘉园,,39,,2室1厅
59平米,崇文门租房,,7000,新景家园东区,,34,,1室1厅
95平米,梨园租房,,4200,新城阳光,,17,,2室1厅
95平米,东坝租房,,8000,首开常青藤一期,,33,,3室1厅
62平米,崇文门租房,,7500,新景家园东区,,49,,1室1厅
109平米,十里堡租房,,9000,爱这城一期,,42,,2室1厅
50平米,马甸租房,,6500,新外大街甲12号院,,26,,2室1厅
88平米,双井租房,,9300,首城国际,,30,,2室1厅
57平米,东坝租房,,3000,康静里,,16,,2室1厅
95平米,管庄租房,,6800,柏林爱乐二期,,51,,2室1厅
94平米,双井租房,,12000,富力城B区,,38,,2室1厅
47平米,马甸租房,,5100,马甸南村,,56,,1室1厅
94平米,潞苑租房,,3600,珠江拉维小镇,,44,,2室2厅
81平米,百子湾租房,,7500,沿海赛洛城,,53,,2室1厅
67平米,紫竹桥租房,,6800,北京气象局宿舍,,37,,3室1厅
59平米,刘家窑租房,,4700,石榴园南里小区,,23,,2室1厅
104平米,望京租房,,8500,望京西园一区,,78,,3室1厅
105平米,朝青租房,,9200,润枫水尚,,53,,2室1厅
67平米,西三旗租房,,4300,龙乡东区,,42,,2室1厅
45平米,潘家园租房,,5100,松榆西里,,30,,2室1厅
66平米,西红门租房,,3800,鸿坤理想城大满贯,,37,,2室1厅
58平米,朝青租房,,5900,青年汇佳园,,61,,1室1厅
91平米,百子湾租房,,7600,沿海赛洛城,,55,,2室1厅
94平米,望京租房,,9000,北纬40度一期,,16,,2室1厅
69平米,古城租房,,4500,宏鑫家园,,13,,1室1厅
61平米,月坛租房,,7800,月坛北街,,13,,2室1厅
42平米,月坛租房,,6000,铁二区,,13,,1室1厅
113平米,双井租房,,14500,富力城A区,,13,,3室1厅
90平米,鼓楼大街租房,,5000,金隅万科城,,11,,3室1厅
93平米,望京租房,,12500,融科橄榄城一期,,14,,2室1厅
86平米,甜水园租房,,7300,碧水园,,14,,2室2厅
59平米,刘家窑租房,,5200,石榴园北里小区,,14,,2室1厅
70平米,回龙观租房,,5000,新龙城,,11,,1室1厅
71平米,潘家园租房,,6200,华威北里,,1,,2室1厅
60平米,月坛租房,,6300,月坛北小街1号院,,5,,1室1厅
123平米,武夷花园租房,,5800,BOBO自由城,,0,,3室2厅
107平米,军博租房,,14000,北蜂窝路5号院,,1,,3室1厅
90平米,清河租房,,7200,观景园,,4,,2室1厅
88平米,酒仙桥租房,,10800,丽都壹号,,3,,2室1厅
58平米,西罗园租房,,5500,西罗园四区,,28,,2室1厅
121平米,北苑租房,,10000,世华泊郡,,9,,3室2厅
107平米,朝阳门内租房,,14000,朝阳首府,,27,,2室1厅
115平米,天通苑租房,,5500,天通苑东二区,,26,,3室1厅
136平米,西坝河租房,,18000,光熙家园三期,,35,,3室1厅
102平米,望京租房,,8800,望京新城,,54,,2室1厅
77平米,劲松租房,,7100,都城心屿,,36,,2室1厅
87平米,劲松租房,,7500,都城心屿,,40,,2室1厅
95平米,酒仙桥租房,,7800,上东三角洲,,38,,2室1厅
84平米,劲松租房,,7300,都城心屿,,33,,2室1厅
84平米,北苑租房,,8300,上元君庭,,42,,2室2厅
79平米,丽泽租房,,6500,保利百合,,38,,2室2厅
65平米,三元桥租房,,6000,曙光里,,68,,2室1厅
68平米,金融街租房,,10000,京畿道,,28,,2室1厅
77平米,劲松租房,,7100,都城心屿,,36,,2室1厅
102平米,望京租房,,8800,望京新城,,54,,2室1厅
91平米,九棵树(家乐福)租房,,3800,大方居,,26,,2室1厅
71平米,万寿路租房,,6500,万寿路甲15号院四区,,28,,2室2厅
60平米,劲松租房,,5200,劲松三区,,35,,2室1厅
63平米,牡丹园租房,,7800,金尚嘉园,,25,,1室1厅
80平米,广安门租房,,9500,红山世家,,33,,2室1厅
87平米,劲松租房,,7500,都城心屿,,40,,2室1厅
95平米,酒仙桥租房,,7800,上东三角洲,,38,,2室1厅
84平米,劲松租房,,7300,都城心屿,,33,,2室1厅
84平米,北苑租房,,8300,上元君庭,,42,,2室2厅
79平米,丽泽租房,,6500,保利百合,,38,,2室2厅
65平米,三元桥租房,,6000,曙光里,,68,,2室1厅
68平米,金融街租房,,10000,京畿道,,28,,2室1厅
93平米,西红门租房,,5200,鸿坤理想城礼域府,,32,,2室1厅
52平米,望京租房,,8500,华彩国际公寓,,37,,1室1厅
108平米,奥林匹克公园租房,,9500,融域嘉园,,36,,2室2厅
108平米,奥林匹克公园租房,,9500,融域嘉园,,39,,2室2厅
123平米,东大桥租房,,18500,北京财富中心,,54,,2室1厅
67平米,苹果园租房,,3500,模式口北里,,26,,2室1厅
88平米,六里桥租房,,5700,莲香园,,43,,2室1厅
121平米,官园租房,,21500,官苑8号,,123,,3室2厅
101平米,天通苑租房,,4500,天通苑东一区,,52,,2室1厅
120平米,马家堡租房,,9200,星河城东区,,2,,3室2厅
179平米,玉桥租房,,7000,远洋东方公馆,,3,,3室2厅
57平米,东直门租房,,6800,炮局头条,,20,,2室1厅
60平米,六里桥租房,,4800,橙色年代,,20,,1室1厅
62平米,西四租房,,7000,三不老胡同,,20,,2室0厅
72平米,东直门租房,,8400,民安小区东直门内北小街,,24,,2室1厅
63平米,阜成门租房,,6000,南露园,,17,,2室1厅
62平米,西四租房,,7000,三不老胡同,,20,,2室0厅
72平米,东直门租房,,8400,民安小区东直门内北小街,,24,,2室1厅
63平米,阜成门租房,,6000,南露园,,17,,2室1厅
34平米,新街口租房,,5000,五月华庭,,19,,1室0厅
42平米,马连道租房,,4200,北欧印象,,21,,1室0厅
28平米,广安门租房,,3400,荣丰2008,,63,,1室0厅
54平米,牡丹园租房,,6300,花园公寓,,23,,1室1厅
50平米,天通苑租房,,4400,天通苑北一区,,22,,1室0厅
57平米,广安门租房,,6200,朗琴园,,25,,1室1厅
65平米,东坝租房,,3800,上东上层,,16,,1室1厅
89平米,乔庄租房,,3800,荞馨园,,20,,2室1厅
59平米,双榆树租房,,8300,双榆树西里,,24,,2室1厅
62平米,团结湖租房,,6700,团结湖中路南三条,,19,,2室1厅
106平米,太阳宫租房,,13500,火星园,,23,,2室1厅
62平米,阜成门租房,,7000,南露园,,21,,2室1厅
39平米,酒仙桥租房,,5300,飘HOME,,18,,1室0厅
54平米,八角租房,,4600,八角中里,,31,,2室1厅
43平米,二里庄租房,,5100,二里庄小区,,27,,1室1厅
61平米,黄村北租房,,3600,郁花园二里,,24,,1室2厅
39平米,北大地租房,,3700,东安街头条,,17,,1室1厅
57平米,牛街租房,,5900,双槐里,,21,,2室1厅
68平米,武夷花园租房,,3500,京贸国际城西区,,15,,1室1厅
53平米,通州北苑租房,,3200,长城国际,,23,,1室0厅
94平米,临河里租房,,4800,华业东方玫瑰,,17,,3室1厅
90平米,常营租房,,6500,万象新天四区,,22,,2室1厅
44平米,小西天租房,,5800,红联北村,,22,,2室1厅
58平米,小西天租房,,6300,文慧园北路甲26号,,25,,2室1厅
69平米,西二旗租房,,5800,智学苑,,28,,2室1厅
58平米,月坛租房,,7200,月坛西街乙2号院,,6,,2室1厅
100平米,望京租房,,11500,朝庭公寓,,7,,2室1厅
60平米,月坛租房,,6500,南礼士路甲62号院,,11,,2室1厅
47平米,广安门租房,,5300,远见名苑,,6,,1室1厅
49平米,安贞租房,,5700,安华里一区,,11,,2室1厅
65平米,官园租房,,10000,北礼士路,,8,,2室1厅
57平米,青塔租房,,3500,春园,,10,,1室1厅
97平米,霍营租房,,5400,天鑫家园,,14,,3室1厅
37平米,万寿路租房,,4600,复兴路61号院,,14,,1室1厅
83平米,西三旗租房,,5500,育新花园,,16,,2室1厅
37平米,团结湖租房,,5600,团结湖北三条,,13,,1室1厅
89平米,常营租房,,5800,保利嘉园三号院,,13,,2室1厅
105平米,北苑租房,,8200,天居园,,12,,2室1厅
56平米,古城租房,,4300,古城北路,,9,,2室1厅
92平米,广渠门租房,,9000,天利园,,5,,2室1厅
64平米,中关村租房,,7900,东南小区,,6,,2室1厅
86平米,上地租房,,6500,当代城市家园,,13,,2室1厅
56平米,北大地租房,,4600,东安街头条1号院,,9,,2室1厅
69平米,方庄租房,,6300,紫芳园三区,,11,,2室1厅
111平米,清河租房,,7000,清缘里中区,,10,,3室1厅
55平米,团结湖租房,,6500,团结湖东里,,10,,2室1厅
57平米,西三旗租房,,3800,黄平路8号院,,12,,2室1厅
58平米,双井租房,,8500,富力城A区,,17,,1室0厅
56平米,回龙观租房,,5000,新龙城,,12,,1室1厅
87平米,马甸租房,,8500,北三环中路43号院,,20,,2室1厅
137平米,鲁谷租房,,10500,远洋山水,,29,,3室1厅
139平米,双井租房,,13000,富力城D区,,6,,3室1厅
143平米,成寿寺租房,,11000,晶城秀府,,11,,3室2厅
130平米,双井租房,,13000,合生国际花园,,8,,3室2厅
97平米,良乡租房,,3400,金地朗悦悦园,,2,,3室1厅
110平米,世纪城租房,,11500,远大园五区,,0,,2室2厅
217平米,奥林匹克公园租房,,20000,万达大湖公馆,,2,,3室2厅
219平米,酒仙桥租房,,27000,阳光上东,,1,,3室2厅
178平米,通州北苑租房,,8000,长桥园公寓,,2,,3室2厅
164平米,临河里租房,,8000,金隅花石匠,,3,,3室2厅
57平米,石佛营租房,,5300,炫特嘉园二期,,23,,1室1厅
153平米,东花市租房,,22000,富贵园四区,,1,,4室1厅
232平米,天通苑租房,,16000,九台庄园,,44,,6室2厅
211平米,三元桥租房,,22000,UHN国际村,,26,,4室2厅
108平米,东花市租房,,11000,花市枣苑一期,,17,,2室1厅
151平米,望京租房,,15000,鹿港嘉苑,,21,,3室1厅
147平米,望京租房,,23000,保利中央公园,,27,,4室2厅
50平米,北苑租房,,4200,乐想汇,,34,,1房间1卫
34平米,马连道租房,,3500,茶贸国际中心,,23,,1房间1卫
79平米,立水桥租房,,5200,明天第一城7号院,,40,,3房间1卫
79平米,顺义城租房,,3500,双兴南区,,19,,2室1厅
64平米,南沙滩租房,,6000,南沙滩小区,,17,,2室1厅
107平米,望京租房,,17000,大西洋新城A区,,24,,3室1厅
83平米,回龙观租房,,5600,龙华园,,23,,3室1厅
86平米,望京租房,,8500,北纬40度一期,,24,,2室1厅
82平米,黄村北租房,,4000,郁花园一里,,17,,2室2厅
90平米,甘露园租房,,6000,甘露晴苑,,24,,2室1厅
101平米,大望路租房,,9500,风度柏林,,23,,2室1厅
94平米,太阳宫租房,,12300,火星园,,40,,2室1厅
87平米,朝阳门内租房,,13000,朝阳首府,,33,,2室1厅
46平米,和平里租房,,5500,和平里三区,,48,,1室1厅
62平米,望京租房,,7300,宝星国际二期,,28,,1室0厅
82平米,亚运村租房,,7600,安慧北里逸园,,24,,2室1厅
69平米,长阳租房,,3700,首开熙悦山澜庭,,19,,2室1厅
69平米,和平里租房,,7500,和平街八区,,18,,3室1厅
85平米,世纪城租房,,8200,金夕园,,22,,2室1厅
104平米,四季青租房,,8850,美丽西园,,18,,2室1厅
124平米,大望路租房,,12000,珠江帝景,,19,,2室1厅
64平米,望京租房,,6500,花家地西里一区,,58,,2室1厅
47平米,鲁谷租房,,4600,远洋山水,,61,,1室0厅
23平米,北京南站租房,,3300,世纪金色嘉园,,53,,1室0厅
109平米,北苑租房,,8600,天居园,,23,,2室2厅
153平米,北苑租房,,11000,润泽悦溪,,2,,3室2厅
57平米,双榆树租房,,7200,中关村东路,,73,,2室1厅
58平米,老山租房,,5300,老山西里,,43,,2室1厅
88平米,刘家窑租房,,6500,嘉业大厦,,23,,2室1厅
50平米,朝阳公园租房,,6300,南十里居,,21,,2室1厅
85平米,鼓楼大街租房,,4200,金隅万科城,,22,,2室1厅
38平米,金宝街租房,,6800,禾风相府,,35,,1室0厅
72平米,定福庄租房,,5000,福怡苑,,18,,2室1厅
82平米,亚运村租房,,7600,安慧北里逸园,,24,,2室1厅
69平米,长阳租房,,3700,首开熙悦山澜庭,,19,,2室1厅
69平米,和平里租房,,7500,和平街八区,,18,,3室1厅
85平米,世纪城租房,,8200,金夕园,,22,,2室1厅
103平米,北工大租房,,9800,禧福汇,,26,,2室1厅
41平米,劲松租房,,4350,农光东里,,34,,1室1厅
57平米,安定门租房,,5500,西营房,,77,,1室1厅
57平米,甘家口租房,,6000,后白堆子,,38,,2室1厅
56平米,惠新西街租房,,6500,惠新里小区,,63,,2室1厅
293平米,望京租房,,13000,国风北京一期,,21,,2室1厅
80平米,石佛营租房,,6500,晨光家园,,23,,2室1厅
83平米,亚运村租房,,8300,安慧里一区,,19,,3室1厅
51平米,金融街租房,,6400,新文化街,,33,,2室1厅
59平米,天宁寺租房,,5300,白菜湾社区,,22,,2室1厅
156平米,望京租房,,21500,东湖湾一期,,16,,3室2厅
55平米,公主坟租房,,5600,翠微中里,,45,,2室1厅
56平米,西三旗租房,,3800,常秀家园,,33,,1室1厅
60平米,清河租房,,4700,永泰东里,,45,,2室1厅
70平米,管庄租房,,5200,柏林爱乐三期,,57,,1室1厅
46平米,甜水园租房,,5100,甜水园北里,,42,,1室1厅
57平米,甘家口租房,,6000,后白堆子,,38,,2室1厅
55平米,公主坟租房,,5600,翠微中里,,45,,2室1厅
117平米,五棵松租房,,11600,紫金长安,,22,,2室2厅
210平米,望京租房,,30000,北纬40度一期,,14,,4室2厅
57平米,永定门租房,,4800,李村东里,,32,,2室1厅
68平米,西红门租房,,3700,鸿坤理想城大满贯,,31,,2室1厅
156平米,望京租房,,21500,东湖湾一期,,16,,3室2厅
51平米,霍营租房,,4300,华龙苑北里,,23,,2室1厅
56平米,西三旗租房,,3800,常秀家园,,33,,1室1厅
64平米,东大桥租房,,13000,新城国际,,45,,1室0厅
58平米,新街口租房,,6800,如意里,,26,,2室1厅
105平米,朝青租房,,9600,珠江罗马嘉园东区,,34,,2室2厅
65平米,牡丹园租房,,8000,塔院小区,,41,,2室1厅
54平米,双桥租房,,4300,东一时区,,19,,1室1厅
62平米,回龙观租房,,4800,新龙城,,39,,1室1厅
52平米,通州北苑租房,,3200,长城国际,,44,,1室0厅
60平米,小西天租房,,5800,志强北园,,28,,2室1厅
79平米,亚运村租房,,8500,安慧里四区,,23,,3室1厅
44平米,望京租房,,5800,澳洲康都,,29,,1室0厅
73平米,马甸租房,,9000,裕中西里,,11,,3室1厅
71平米,良乡租房,,2600,瑞雪春堂,,12,,2室1厅
106平米,望京租房,,11500,朝庭公寓,,16,,2室1厅
187平米,望京租房,,23000,金隅国际,,14,,3室2厅
139平米,后沙峪租房,,6500,蓝星花园,,11,,3室1厅
55平米,朝青租房,,11000,天鹅湾北区,,11,,1室2厅
96平米,潞苑租房,,2600,华龙小区,,9,,2室1厅
111平米,四季青租房,,10000,颐慧佳园,,12,,2室1厅
43平米,阜成门租房,,6000,南露园,,17,,1室1厅
75平米,大峪租房,,3000,桃园小区,,11,,2室1厅
85平米,酒仙桥租房,,11500,丽都壹号,,11,,2室1厅
56平米,农展馆租房,,7000,枣营北里,,13,,2室1厅
90平米,西红门租房,,5000,世嘉博苑,,13,,2室1厅
81平米,健翔桥租房,,7000,华严北里8号院,,10,,2室1厅
95平米,朝阳公园租房,,11800,丽水嘉园,,18,,2室1厅
129平米,东直门租房,,13000,胡家园26号院,,15,,3室1厅
94平米,西三旗租房,,5700,富力桃园B区,,11,,2室1厅
98平米,安定门租房,,11000,青年湖北里,,11,,2室1厅
40平米,陶然亭租房,,6400,黑窑厂西里,,11,,2室1厅
94平米,朝青租房,,8500,青年汇佳园,,11,,2室1厅
54平米,月坛租房,,7800,月坛北街,,8,,2室1厅
122平米,紫竹桥租房,,18000,中海紫金苑,,12,,2室1厅
116平米,世纪城租房,,12000,远大园五区,,14,,2室2厅
56平米,鼓楼大街租房,,2300,北环里小区,,14,,1室1厅
88平米,梨园租房,,4200,11站,,10,,2室1厅
72平米,崇文门租房,,7800,国瑞城中区,,12,,2室1厅
61平米,望京租房,,9000,东湖湾二期,,10,,1室0厅
76平米,回龙观租房,,4800,慧华苑,,15,,2室1厅
90平米,玉泉路租房,,6800,玉海园三里,,8,,3室1厅
87平米,新街口租房,,10000,索家坟,,12,,3室1厅
70平米,苹果园租房,,4400,苹果园小区一区,,12,,2室1厅
53平米,酒仙桥租房,,5000,酒仙桥十二街坊,,11,,2室1厅
81平米,四惠租房,,11500,金地名京,,13,,2室1厅
89平米,西红门租房,,3500,宏大中园,,9,,2室2厅
110平米,广渠门租房,,12000,水上华城,,12,,2室1厅
70平米,枣园租房,,3000,泰中花园,,8,,1室1厅
60平米,军博租房,,5600,会城门小区,,15,,2室1厅
100平米,回龙观租房,,5500,流星花园三区,,18,,2室1厅
129平米,东直门租房,,13000,胡家园26号院,,15,,3室1厅
98平米,安定门租房,,11000,青年湖北里,,11,,2室1厅
94平米,西三旗租房,,5700,富力桃园B区,,11,,2室1厅
110平米,广渠门租房,,12000,水上华城,,12,,2室1厅
70平米,枣园租房,,3000,泰中花园,,8,,1室1厅
40平米,陶然亭租房,,6400,黑窑厂西里,,11,,2室1厅
94平米,朝青租房,,8500,青年汇佳园,,11,,2室1厅
54平米,月坛租房,,7800,月坛北街,,8,,2室1厅
38平米,甘家口租房,,4500,景王坟,,10,,1室1厅
74平米,六铺炕租房,,9000,黄寺大街24号院,,6,,2室1厅
94平米,青塔租房,,7000,万科紫苑,,12,,3室1厅
68平米,滨河西区租房,,2900,葡东小区,,11,,2室1厅
59平米,马甸租房,,6500,裕中东里,,13,,2室1厅
81平米,管庄租房,,6000,柏林爱乐二期,,15,,2室1厅
58平米,惠新西街租房,,5000,胜古南里,,11,,2室1厅
82平米,望京租房,,7000,南湖东园一区,,17,,2室1厅
91平米,双井租房,,12500,富力城C区,,6,,2室1厅
95平米,广渠门租房,,11000,保利蔷薇,,10,,2室1厅
67平米,通州北苑租房,,4400,天时名苑,,5,,2室1厅
88平米,北苑租房,,7000,天乐园,,10,,2室1厅
101平米,北京南站租房,,7500,鼎立水岸家园,,11,,2室1厅
103平米,马家堡租房,,7200,丽水园,,11,,2室1厅
89平米,大望路租房,,8500,后现代城,,9,,2室1厅
83平米,西三旗租房,,4800,建材城东二里,,11,,3室1厅
96平米,东坝租房,,6800,首开常青藤三期,,14,,3室1厅
101平米,牡丹园租房,,9300,中鑫嘉园,,11,,2室1厅
90平米,小西天租房,,10000,今典花园,,18,,3室1厅
58平米,广渠门租房,,6600,保利蔷薇,,13,,1室1厅
92平米,武夷花园租房,,4200,京贸国际城西区,,15,,2室2厅
87平米,定福庄租房,,6600,福怡苑,,12,,3室1厅
91平米,双井租房,,12500,富力城C区,,6,,2室1厅
95平米,广渠门租房,,11000,保利蔷薇,,10,,2室1厅
67平米,通州北苑租房,,4400,天时名苑,,5,,2室1厅
59平米,马甸租房,,6500,裕中东里,,13,,2室1厅
81平米,管庄租房,,6000,柏林爱乐二期,,15,,2室1厅
58平米,惠新西街租房,,5000,胜古南里,,11,,2室1厅
82平米,望京租房,,7000,南湖东园一区,,17,,2室1厅
38平米,甘家口租房,,4500,景王坟,,10,,1室1厅
74平米,六铺炕租房,,9000,黄寺大街24号院,,6,,2室1厅
94平米,青塔租房,,7000,万科紫苑,,12,,3室1厅
68平米,滨河西区租房,,2900,葡东小区,,11,,2室1厅
97平米,通州北苑租房,,5000,京贸国际公寓,,12,,2室1厅
80平米,潘家园租房,,6000,嘉禾园,,12,,2室1厅
98平米,亦庄租房,,6000,上海沙龙,,12,,2室2厅
93平米,管庄租房,,6300,柏林爱乐二期,,13,,2室1厅
61平米,劲松租房,,6300,农光东里,,9,,2室1厅
93平米,广安门租房,,9000,丽水莲花,,10,,2室1厅
103平米,大望路租房,,9300,后现代城,,12,,2室1厅
89平米,立水桥租房,,6500,北京北,,10,,2室1厅
71平米,紫竹桥租房,,6800,北洼路32号院,,12,,2室1厅
86平米,七里庄租房,,6500,西局欣园南区,,9,,2室1厅
89平米,金宝街租房,,21000,禾风仕家,,12,,3室1厅
127平米,双井租房,,15000,富力城C区,,14,,3室2厅
62平米,旧宫租房,,3800,清逸西园,,11,,2室1厅
57平米,月坛租房,,7000,铁二区,,12,,2室1厅
45平米,玉泉路租房,,4700,复兴路46号院,,15,,1室1厅
113平米,双井租房,,14000,富力城A区,,19,,3室1厅
75平米,清河租房,,5800,清润家园,,16,,2室1厅
62平米,马家堡租房,,4700,西马金润一区,,16,,1室1厅
130平米,天通苑租房,,5800,天通苑东三区,,12,,3室1厅
130平米,天通苑租房,,5800,天通苑东三区,,12,,3室1厅
109平米,北苑租房,,8450,天居园,,5,,2室2厅
134平米,上地租房,,11000,上地西里,,1,,3室2厅
78平米,公主坟租房,,8000,翠微路16号院,,2,,2室1厅
133平米,西红门租房,,7500,九龙山庄东区,,0,,4室2厅
94平米,顺义其它租房,,4400,中建国际城,,1,,3室1厅
61平米,石佛营租房,,5400,十里堡北区,,3,,2室1厅
104平米,鲁谷租房,,7500,远洋山水,,1,,2室1厅
123平米,知春路租房,,12000,宏嘉丽园,,1,,3室1厅
82平米,安定门租房,,7600,安德路55号院,,1,,3室1厅
96平米,角门租房,,5800,翠源居,,2,,2室1厅
59平米,双井租房,,5500,百环家园,,5,,1室1厅
91平米,大望路租房,,17000,后现代城,,2,,2室1厅
61平米,安定门租房,,6700,安德路47号院,,3,,2室1厅
228平米,武夷花园租房,,16500,香林郡,,0,,4室2厅
90平米,海淀北部新区租房,,6200,保利西山林语,,2,,2室1厅
164平米,菜户营租房,,9500,信德园,,0,,3室1厅
104平米,新华大街租房,,3700,北小园,,1,,3室1厅
102平米,回龙观租房,,5000,新龙城,,1,,2室1厅
89平米,海淀北部新区租房,,5300,保利西山林语,,2,,2室1厅
56平米,安贞租房,,6600,安贞西里,,5,,2室1厅
103平米,花乡租房,,4800,天伦锦城,,2,,2室1厅
34平米,军博租房,,3700,铁西小区,,2,,1室1厅
83平米,枣园租房,,4800,马赛公馆,,2,,2室1厅
90平米,武夷花园租房,,4200,京贸国际城西区,,1,,2室1厅
93平米,苹果园租房,,4100,金顶街五区,,2,,2室1厅
90平米,新华大街租房,,4000,达富雅园,,1,,2室1厅
41平米,车公庄租房,,4300,车公庄北里,,3,,1室1厅
89平米,海淀北部新区租房,,5200,保利西山林语,,4,,2室1厅
90平米,临河里租房,,4300,金隅花石匠,,1,,3室1厅
131平米,马甸租房,,12500,冠城北园,,4,,2室1厅
128平米,武夷花园租房,,6000,京贸国际城西区,,1,,3室1厅
93平米,鲁谷租房,,4800,广安q康馨家园,,2,,3室1厅
87平米,望京租房,,8200,慧谷时空,,3,,1室1厅
58平米,惠新西街租房,,6300,安苑东里三区,,1,,2室1厅
70平米,田村租房,,7500,雅世合金公寓,,1,,2室1厅
41平米,车公庄租房,,4300,车公庄北里,,3,,1室1厅
89平米,海淀北部新区租房,,5200,保利西山林语,,4,,2室1厅
93平米,苹果园租房,,4100,金顶街五区,,2,,2室1厅
90平米,新华大街租房,,4000,达富雅园,,1,,2室1厅
120平米,四季青租房,,11500,诚品建筑,,1,,2室1厅
93平米,马驹桥租房,,3800,合生世界村,,1,,2室1厅
87平米,亦庄租房,,5000,博客雅居,,1,,2室1厅
59平米,双榆树租房,,7500,双榆树东里,,3,,2室1厅
56平米,新街口租房,,6800,德胜门西大街甲5号,,2,,2室1厅
209平米,双井租房,,25000,富力城B区,,1,,4室1厅
72平米,潘家园租房,,5400,弘善家园,,1,,2室1厅
34平米,军博租房,,3700,铁西小区,,2,,1室1厅
83平米,枣园租房,,4800,马赛公馆,,2,,2室1厅
85平米,望京租房,,12500,臻园,,1,,2室1厅
62平米,二里庄租房,,6500,志新村,,4,,2室1厅
68平米,良乡租房,,2800,长虹小区,,2,,2室1厅
90平米,武夷花园租房,,4200,京贸国际城西区,,1,,2室1厅
91平米,回龙观租房,,5700,融泽嘉园,,3,,2室1厅
48平米,东直门租房,,7500,东中街,,1,,2室1厅
130平米,鼓楼大街租房,,4800,新新公寓,,1,,3室1厅
87平米,南沙滩租房,,7500,公安局宿舍,,1,,2室1厅
117平米,双井租房,,11500,CBD总部公寓一期,,5,,2室1厅
91平米,黄村火车站租房,,4300,艺苑桐城,,1,,2室2厅
66平米,常营租房,,4700,保利嘉园三号院,,1,,1室1厅
86平米,太阳宫租房,,18000,红玺台,,4,,2室1厅
85平米,望京租房,,12500,臻园,,1,,2室1厅
34平米,军博租房,,3700,铁西小区,,2,,1室1厅
83平米,枣园租房,,4800,马赛公馆,,2,,2室1厅
62平米,二里庄租房,,6500,志新村,,4,,2室1厅
83平米,清河租房,,5800,金隅美和园,,2,,2室1厅
72平米,交道口租房,,9000,交道口东大街,,2,,2室1厅
88平米,六里桥租房,,6500,橙色年代,,4,,2室1厅
66平米,回龙观租房,,4800,龙华园,,6,,2室1厅
83平米,立水桥租房,,5500,东辰小区,,4,,3室1厅
86平米,立水桥租房,,6300,北京北,,5,,2室1厅
57平米,百子湾租房,,5900,沿海赛洛城,,2,,1室1厅
111平米,奥林匹克公园租房,,9000,澳林春天五期,,4,,2室1厅
91平米,奥林匹克公园租房,,9300,京师园,,2,,2室1厅
60平米,劲松租房,,5300,武圣东里,,4,,2室1厅
75平米,回龙观租房,,4800,新龙城,,6,,1室1厅
54平米,团结湖租房,,6800,团结湖南里,,2,,2室1厅
65平米,武夷花园租房,,2700,玉桥中路2号院,,3,,2室1厅
91平米,新华大街租房,,3400,北小园,,2,,2室2厅
51平米,阜成门租房,,7200,北营房东里,,6,,2室1厅
142平米,望京租房,,16000,国风北京二期,,6,,3室2厅
142平米,望京租房,,16000,国风北京二期,,9,,3室2厅
221平米,黄村北租房,,25000,兴创屹墅,,17,,4室2厅
124平米,望京租房,,14000,大西洋新城B区,,23,,3室2厅
190平米,北七家租房,,13000,美树假日嘉园,,22,,4室2厅
148平米,马甸租房,,21000,阳光丽景,,23,,4室1厅
92平米,望京租房,,12000,大西洋新城E区,,27,,2室1厅
156平米,双井租房,,16000,世桥国贸,,8,,3室2厅
41平米,鼓楼大街租房,,2100,北环里小区,,23,,1室1厅
108平米,公主坟租房,,9000,颐源居三期,,21,,2室1厅
156平米,双井租房,,16000,世桥国贸,,8,,3室2厅
85平米,黄村中租房,,4800,清澄名苑北区,,6,,1室1厅
57平米,苏州桥租房,,6500,大河庄苑,,27,,1室1厅
41平米,鼓楼大街租房,,2100,北环里小区,,23,,1室1厅
108平米,公主坟租房,,9000,颐源居三期,,21,,2室1厅
97平米,良乡租房,,3700,金地朗悦朗园,,41,,3室2厅
124平米,望京租房,,14000,大西洋新城B区,,23,,3室2厅
221平米,黄村北租房,,25000,兴创屹墅,,17,,4室2厅
88平米,北苑租房,,6500,天畅园,,21,,2室1厅
114平米,清河租房,,8800,莱圳家园,,10,,3室1厅
53平米,东直门租房,,6500,北官厅胡同,,79,,2室1厅
65平米,北京南站租房,,5000,翠林一里,,25,,2室1厅
145平米,工体租房,,19000,海晟名苑,,22,,3室1厅
64平米,牛街租房,,6200,平原里小区,,23,,2室1厅
91平米,临河里租房,,3700,DBC加州小镇C区,,56,,2室1厅
84平米,鲁谷租房,,5500,重兴园,,29,,2室1厅
45平米,南沙滩租房,,5500,懿品阁,,30,,1室0厅
50平米,安贞租房,,6000,安华西里一区,,40,,2室1厅
60平米,马甸租房,,6600,新外大街10号院,,83,,2室1厅
84平米,东直门租房,,8800,东直门内北小街8号院,,36,,2室1厅
85平米,木樨地租房,,10000,北滨河路2号院,,16,,2室1厅
59平米,皂君庙租房,,6300,皂君东里,,30,,2室1厅
40平米,北工大租房,,3800,松榆东里,,29,,1室1厅
60平米,菜户营租房,,4800,考拉社区,,31,,1室1厅
120平米,双井租房,,15000,富力城C区,,18,,3室1厅
59平米,看丹桥租房,,4000,新华街五里,,31,,2室1厅
71平米,朝阳门内租房,,8600,竹杆胡同,,29,,2室1厅
78平米,朝阳公园租房,,6500,泰华滨河苑,,32,,1室1厅
46平米,和平里租房,,6500,民旺园,,30,,2室1厅
102平米,回龙观租房,,5500,流星花园二区,,19,,2室1厅
78平米,朝阳公园租房,,6500,泰华滨河苑,,32,,1室1厅
46平米,和平里租房,,6500,民旺园,,30,,2室1厅
85平米,木樨地租房,,10000,北滨河路2号院,,16,,2室1厅
59平米,皂君庙租房,,6300,皂君东里,,30,,2室1厅
40平米,北工大租房,,3800,松榆东里,,29,,1室1厅
60平米,菜户营租房,,4800,考拉社区,,31,,1室1厅
120平米,双井租房,,15000,富力城C区,,18,,3室1厅
59平米,看丹桥租房,,4000,新华街五里,,31,,2室1厅
81平米,宣武门租房,,9300,庄胜二期,,60,,2室1厅
89平米,东大桥租房,,19000,新城国际,,47,,1室1厅
51平米,新街口租房,,6200,文慧园15号16公寓,,33,,1室1厅
85平米,知春路租房,,8800,锦秋知春,,68,,2室1厅
57平米,朝青租房,,6300,青年汇佳园,,35,,1室1厅
52平米,科技园区租房,,4000,宝隆温泉公寓,,25,,1室1厅
184平米,北苑租房,,12500,世华泊郡,,1,,4室1厅
180平米,南沙滩租房,,15000,风林绿洲,,3,,4室1厅
140平米,双井租房,,16500,首城国际,,5,,3室2厅
335平米,九棵树(家乐福)租房,,20000,世爵源墅,,5,,5室3厅
45平米,工体租房,,8300,海晟国际公寓,,21,,1室1厅
243平米,酒仙桥租房,,28000,海润国际,,2,,4室2厅
191平米,朝青租房,,16000,华纺易城,,2,,4室2厅
162平米,望京租房,,13500,银领国际,,1,,3室1厅
202平米,方庄租房,,15000,首开璞v公馆,,2,,4室2厅
43平米,鲁谷租房,,4100,永乐东区,,24,,1室1厅
64平米,马连道租房,,5500,常青藤嘉园,,15,,1室1厅
146平米,长阳租房,,4100,加州水郡三期,,3,,3室2厅
151平米,立水桥租房,,10000,顶秀青溪,,4,,3室2厅
208平米,奥林匹克公园租房,,19000,上林世家,,5,,4室2厅
37平米,新街口租房,,4900,五月华庭,,25,,1室0厅
44平米,朝阳门外租房,,6300,三丰里小区,,21,,1室1厅
46平米,亦庄租房,,3900,国融国际,,22,,1室1厅
37平米,新街口租房,,4900,五月华庭,,25,,1室0厅
192平米,玉桥租房,,7800,远洋东方公馆,,4,,3室2厅
74平米,东直门租房,,7800,胡家园小区,,6,,2室1厅
57平米,新街口租房,,6600,志强南园,,9,,2室1厅
59平米,广渠门租房,,6500,南水关,,5,,2室1厅
54平米,紫竹桥租房,,4800,北洼西里,,6,,1室1厅
136平米,三元桥租房,,15000,金星园,,8,,3室2厅
66平米,安贞租房,,7200,安华里一区,,10,,3室1厅
123平米,沙河租房,,4500,北街家园八区,,6,,3室1厅
57平米,三元桥租房,,5300,曙光西里,,6,,2室1厅
96平米,望京租房,,8500,绿荫芳邻,,5,,1室1厅
51平米,东大桥租房,,7300,东大桥东里,,6,,2室1厅
90平米,菜户营租房,,4700,万润风景,,11,,2室2厅
58平米,太平桥租房,,5800,太平桥西里,,4,,2室1厅
97平米,小西天租房,,9800,今典花园,,6,,2室1厅
174平米,五棵松租房,,21000,紫金长安,,9,,3室1厅
44平米,甘露园租房,,4000,康家园,,14,,1室1厅
62平米,工体租房,,7200,幸福二村,,9,,2室1厅
85平米,黄村北租房,,5500,保利茉莉公馆,,7,,2室1厅
76平米,顺义城租房,,3500,西辛南区,,9,,1室2厅
89平米,望京租房,,13000,东湖湾二期,,6,,2室1厅
93平米,长阳租房,,3900,长阳半岛怡和路3号院,,7,,2室1厅
70平米,霍营租房,,5100,华龙苑南里,,4,,2室1厅
94平米,安宁庄租房,,7500,上林溪,,6,,2室1厅
83平米,西三旗租房,,5200,育新花园,,7,,2室1厅
46平米,刘家窑租房,,4200,石榴园北里小区,,8,,1室1厅
85平米,皂君庙租房,,11500,农科院,,6,,3室1厅
80平米,梨园租房,,3600,梨花园,,5,,2室1厅
108平米,管庄租房,,5000,京通苑,,9,,3室1厅
107平米,大望路租房,,11000,后现代城,,9,,2室1厅
54平米,马甸租房,,6300,新风南里,,13,,2室1厅
63平米,酒仙桥租房,,6500,飘HOME,,15,,1室1厅
44平米,苹果园租房,,2900,青年公寓,,8,,1室1厅
80平米,回龙观租房,,5200,龙博苑三区,,5,,2室1厅
62平米,工体租房,,7200,幸福二村,,9,,2室1厅
85平米,黄村北租房,,5500,保利茉莉公馆,,7,,2室1厅
76平米,顺义城租房,,3500,西辛南区,,9,,1室2厅
89平米,望京租房,,13000,东湖湾二期,,6,,2室1厅
93平米,长阳租房,,3900,长阳半岛怡和路3号院,,7,,2室1厅
57平米,西四租房,,8000,西四北大街156号,,9,,2室1厅
114平米,西北旺租房,,7800,百旺茉莉园,,9,,2室2厅
34平米,小西天租房,,4800,学院南路32号院,,13,,1室1厅
39平米,金融街租房,,7000,丰汇园小区,,15,,1室0厅
102平米,望京租房,,11000,朝庭公寓,,8,,2室1厅
72平米,西二旗租房,,5800,铭科苑,,10,,2室1厅
56平米,望京租房,,7500,慧谷阳光,,16,,1室1厅
74平米,西三旗租房,,5500,育新花园,,9,,3室1厅
89平米,回龙观租房,,6900,金域华府二期,,7,,2室1厅
58平米,东坝租房,,4000,康静里,,11,,2室1厅
88平米,长阳租房,,4300,芭蕾雨悦都北区,,6,,3室1厅
69平米,长阳租房,,3500,首开熙悦山澜庭,,15,,2室1厅
47平米,广安门租房,,4600,远见国际公寓,,8,,1室0厅
117平米,双井租房,,12000,CBD总部公寓一期,,6,,2室2厅
45平米,大望路租房,,6500,后现代城,,11,,1室0厅
61平米,惠新西街租房,,6500,小关东里10号院,,7,,2室1厅
53平米,回龙观租房,,3900,矩阵二期,,13,,1室0厅
58平米,中关村租房,,7300,东南小区,,7,,2室1厅
49平米,成寿寺租房,,4600,苇子坑1号院,,11,,2室1厅
76平米,大红门租房,,4500,临泓路6号院,,6,,2室1厅
80平米,回龙观租房,,5200,龙博苑三区,,5,,2室1厅
59平米,北苑租房,,5500,天居园,,6,,1室0厅
57平米,定福庄租房,,4500,金星小区,,12,,2室1厅
57平米,西四租房,,8000,西四北大街156号,,9,,2室1厅
54平米,五棵松租房,,5500,永定路98号院,,8,,2室1厅
52平米,望京租房,,8500,华彩国际公寓,,8,,1室1厅
108平米,回龙观租房,,6000,龙泽苑东区,,11,,2室1厅
125平米,回龙观租房,,7200,田园风光雅苑,,6,,3室1厅
51平米,大望路租房,,6000,后现代城,,11,,1室0厅
35平米,石佛营租房,,4300,炫特嘉园二期,,11,,1室0厅
65平米,西坝河租房,,6500,光熙门北里,,8,,2室1厅
114平米,西北旺租房,,7800,百旺茉莉园,,9,,2室2厅
43平米,望京租房,,5000,点击未来,,11,,1室0厅
56平米,东坝租房,,3700,康静里,,9,,2室1厅
35平米,广安门租房,,5300,荣丰2008,,11,,1室1厅
61平米,广安门租房,,4900,荣丰2008,,11,,1室1厅
92平米,百子湾租房,,7500,沿海赛洛城,,7,,2室1厅
169平米,三里屯租房,,26000,三里屯SOHO,,34,,2室2厅
80平米,苏州桥租房,,9500,稻香园西里,,27,,3室1厅
130平米,北七家租房,,4800,金色漫香苑,,39,,3室1厅
130平米,亚运村租房,,13500,新荣家园,,23,,3室1厅
121平米,双井租房,,12000,苹果社区北区,,28,,3室1厅
196平米,望京租房,,23500,国风上观,,11,,4室1厅
67平米,马甸租房,,6400,北三环中路12号院,,28,,2室1厅
78平米,西坝河租房,,9500,国展新座,,27,,2室1厅
83平米,北苑租房,,7500,筑华年,,23,,2室1厅
70平米,工体租房,,8000,工体西里,,32,,2室1厅
139平米,朝阳公园租房,,14000,丽水嘉园,,31,,2室2厅
97平米,望京租房,,8200,望京西园一区,,43,,2室2厅
60平米,五棵松租房,,5500,六建,,39,,2室1厅
138平米,朝青租房,,11000,华纺易城,,26,,3室2厅
67平米,马甸租房,,6400,北三环中路12号院,,28,,2室1厅
78平米,西坝河租房,,9500,国展新座,,27,,2室1厅
83平米,北苑租房,,7500,筑华年,,23,,2室1厅
70平米,工体租房,,8000,工体西里,,32,,2室1厅
139平米,朝阳公园租房,,14000,丽水嘉园,,31,,2室2厅
97平米,望京租房,,8200,望京西园一区,,43,,2室2厅
101平米,双榆树租房,,13500,豪景佳苑,,44,,3室1厅
121平米,双井租房,,12000,苹果社区北区,,28,,3室1厅
196平米,望京租房,,23500,国风上观,,11,,4室1厅
117平米,建国门外租房,,11000,燕华苑,,36,,2室2厅
196平米,欢乐谷租房,,16500,北京华侨城1号院,,15,,4室1厅
102平米,马驹桥租房,,3200,珠江逸景,,89,,2室1厅
140平米,太阳宫租房,,21000,太阳公元,,51,,3室2厅
217平米,奥林匹克公园租房,,20000,世茂奥临花园,,53,,3室1厅
67平米,马甸租房,,8200,阳光丽景,,57,,1室1厅
49平米,马甸租房,,5800,新外大街甲8号院,,30,,2室1厅
50平米,月坛租房,,5500,三里河三区,,31,,1室1厅
71平米,双井租房,,8500,苹果社区南区,,62,,1室1厅
99平米,朝阳公园租房,,8000,泰华滨河苑,,26,,2室2厅
138平米,四惠租房,,12500,远洋天地二期,,31,,3室2厅
126平米,CBD租房,,24000,万达广场公寓,,30,,3室1厅
127平米,大望路租房,,9500,后现代城,,32,,2室1厅
112平米,玉桥租房,,5000,合生滨江帝景一期,,26,,3室1厅
48平米,工体租房,,7000,工体北路,,28,,2室1厅
57平米,牛街租房,,5500,双槐里,,22,,2室1厅
89平米,双井租房,,11000,首城国际,,32,,3室1厅
280平米,亚运村租房,,60000,紫玉山庄,,21,,4室2厅
134平米,大望路租房,,12000,石韵浩庭,,25,,3室2厅
97平米,四惠租房,,9700,东恒时代二期,,51,,2室1厅
82平米,华威桥租房,,7700,美景东方,,28,,2室1厅
117平米,建国门外租房,,11000,燕华苑,,36,,2室2厅
196平米,欢乐谷租房,,16500,北京华侨城1号院,,15,,4室1厅
102平米,马驹桥租房,,3200,珠江逸景,,89,,2室1厅
140平米,太阳宫租房,,21000,太阳公元,,51,,3室2厅
217平米,奥林匹克公园租房,,20000,世茂奥临花园,,53,,3室1厅
67平米,马甸租房,,8200,阳光丽景,,57,,1室1厅
49平米,马甸租房,,5800,新外大街甲8号院,,30,,2室1厅
50平米,月坛租房,,5500,三里河三区,,31,,1室1厅
71平米,双井租房,,8500,苹果社区南区,,62,,1室1厅
99平米,朝阳公园租房,,8000,泰华滨河苑,,26,,2室2厅
138平米,四惠租房,,12500,远洋天地二期,,31,,3室2厅
144平米,广安门租房,,14000,丽水莲花,,63,,3室2厅
86平米,广安门租房,,8000,远见名苑,,57,,2室1厅
89平米,九棵树(家乐福)租房,,3200,大方居,,27,,2室1厅
58平米,车公庄租房,,6800,车公庄北里,,51,,2室1厅
102平米,通州北苑租房,,5500,天时名苑,,45,,2室2厅
130平米,工体租房,,16000,首开幸福广场,,34,,2室2厅
96平米,大望路租房,,8500,后现代城,,46,,2室1厅
88平米,望京租房,,7500,方舟苑一期,,43,,2室2厅
141平米,CBD租房,,15000,SOHO现代城,,7,,3室1厅
130平米,玉桥租房,,6000,柳岸方园,,9,,3室1厅
192平米,北工大租房,,17000,禧福汇,,0,,3室2厅
125平米,苏州桥租房,,10000,小南庄社区,,0,,3室1厅
68平米,东直门租房,,8800,前永康二巷,,0,,3室1厅
94平米,望京租房,,12000,大西洋新城G区,,0,,2室1厅
89平米,回龙观租房,,6300,领秀慧谷C区,,0,,2室2厅
50平米,潘家园租房,,4700,潘家园小区,,0,,2室1厅
75平米,东直门租房,,8500,后永康胡同2号院4号院,,0,,3室1厅
92平米,顺义城租房,,5500,万科四季花城,,0,,2室1厅
94平米,望京租房,,12000,大西洋新城G区,,0,,2室1厅
89平米,回龙观租房,,6300,领秀慧谷C区,,0,,2室2厅
50平米,潘家园租房,,4700,潘家园小区,,0,,2室1厅
75平米,东直门租房,,8500,后永康胡同2号院4号院,,0,,3室1厅
46平米,定福庄租房,,4800,定福庄南里1号院,,0,,2室1厅
144平米,双桥租房,,9000,珠江绿洲,,3,,3室2厅
158平米,万柳租房,,21000,阳春光华家园,,0,,3室1厅
75平米,和平里租房,,7500,砖角楼南里,,0,,2室1厅
121平米,望京租房,,15000,东湖湾一期,,0,,2室2厅
104平米,定慧寺租房,,9500,西三环北路105号院,,0,,4室1厅
82平米,潘家园租房,,6500,弘善家园,,0,,2室1厅
109平米,知春路租房,,12000,太月园,,0,,2室2厅
43平米,甘露园租房,,4200,甘露园南里,,0,,1室2厅
38平米,月坛租房,,5700,南礼士路三条北里,,0,,1室1厅
116平米,六铺炕租房,,12000,什坊街2号院,,0,,3室1厅
90平米,东直门租房,,9000,东直门内北小街16号,,0,,3室1厅
96平米,新华大街租房,,4000,新华小区,,0,,2室2厅
158平米,望京租房,,16000,鹿港嘉苑,,3,,3室1厅
103平米,双井租房,,9300,双花园南里一区,,2,,3室1厅
167平米,望京租房,,25000,保利中央公园,,2,,4室2厅
75平米,西坝河租房,,8500,西坝河西里,,0,,3室1厅
87平米,望京租房,,8000,望京西园三区,,0,,1室1厅
105平米,马连道租房,,7200,北欧印象,,0,,2室1厅
148平米,望京租房,,23000,保利中央公园,,3,,4室2厅
186平米,朝阳门外租房,,22500,蓝筹名座,,3,,3室1厅
137平米,奥林匹克公园租房,,13000,融域嘉园,,0,,3室1厅
71平米,顺义城租房,,3200,裕龙四区,,0,,2室1厅
76平米,大望路租房,,8500,珠江帝景,,0,,1室1厅
101平米,良乡租房,,3000,昊天嘉园,,0,,5室2厅
88平米,鼓楼大街租房,,3400,金隅万科城,,0,,2室1厅
87平米,望京租房,,8000,望京西园三区,,0,,1室1厅
105平米,马连道租房,,7200,北欧印象,,0,,2室1厅
171平米,北七家租房,,9000,海德堡花园,,2,,4室1厅
88平米,鼓楼大街租房,,4800,金隅万科城,,1,,3室1厅
327平米,亦庄租房,,45000,亲爱的villa,,5,,5室2厅
135平米,酒仙桥租房,,14500,丽都壹号,,16,,3室2厅
61平米,奥林匹克公园租房,,5000,汽修一厂宿舍,,12,,2室1厅
86平米,军博租房,,7000,莲花池东路9号院,,10,,2室1厅
69平米,军博租房,,6500,电信小区,,15,,3室1厅
133平米,望京租房,,13000,上京新航线,,12,,3室1厅
50平米,双榆树租房,,7800,小泥湾,,13,,2室1厅
109平米,亦庄租房,,7300,金地格林小镇,,29,,2室1厅
118平米,五道口租房,,15500,华清嘉园,,9,,3室1厅
57平米,草桥租房,,4500,玉安园,,6,,1室1厅
103平米,大山子租房,,9500,宏源公寓,,2,,2室1厅
128平米,月坛租房,,15000,地藏庵,,1,,3室2厅
137平米,亦庄租房,,8000,听涛雅苑,,1,,3室1厅
119平米,良乡租房,,3500,玉竹园小区一里,,1,,3室1厅
181平米,马坡租房,,8400,马坡花园一区,,0,,3室2厅
162平米,万柳租房,,21000,光大水墨风景,,5,,4室1厅
212平米,朝阳门外租房,,28000,蓝筹名座,,3,,4室1厅
47平米,苹果园租房,,3600,金顶街一区,,3,,2室1厅
76平米,月坛租房,,12800,阜成门南大街,,5,,3室1厅
83平米,望京租房,,8400,北纬40度一期,,5,,2室1厅
163平米,清河租房,,15000,橡树湾,,4,,3室2厅
52平米,梨园租房,,2800,五所家属院,,5,,2室1厅
82平米,月坛租房,,15000,建邦礼仕阁,,5,,1室1厅
18平米,沙河租房,,750,北街家园五区,,20,,1房间1卫
83平米,立水桥租房,,6000,明天第一城8号院,,29,,3房间1卫
30平米,马家堡租房,,3500,7克拉,,25,,1房间1卫
196平米,西山租房,,23000,西山美墅馆F区,,21,,4室2厅
187平米,西红门租房,,12500,月桂庄园,,16,,3室1厅
196平米,崇文门租房,,15000,法华南里,,10,,4室1厅
144平米,西山租房,,20000,西山美墅馆B区,,11,,3室2厅
53平米,朝阳公园租房,,5700,南十里居,,21,,2室1厅
212平米,世纪城租房,,22000,远大园五区,,13,,4室2厅
162平米,望京租房,,16000,大西洋新城F区,,10,,3室2厅
46平米,五棵松租房,,4900,国家计委宿舍,,17,,1室1厅
67平米,北苑租房,,5300,北苑家园茉藜园,,1,,1室1厅
162平米,朝青租房,,14000,珠江罗马嘉园东区,,8,,3室1厅
229平米,望京租房,,30000,宝星国际三期,,15,,4室1厅
95平米,通州北苑租房,,7500,世纪星城,,9,,4室2厅
64平米,三元桥租房,,8500,时间国际,,22,,1室1厅
94平米,黄村中租房,,5000,清澄名苑北区,,4,,2室1厅
38平米,金宝街租房,,7000,禾风相府,,23,,1室0厅
90平米,海淀北部新区租房,,4800,保利西山林语,,22,,2室1厅
67平米,大望路租房,,7200,风度柏林,,19,,1室1厅
33平米,燕莎租房,,5800,新源街,,22,,1室2厅
36平米,大望路租房,,4700,CBD传奇,,18,,1室0厅
59平米,亦庄租房,,3400,贵园北里戊区,,29,,2室1厅
80平米,清河租房,,5200,毛纺厂南小区,,20,,2室1厅
55平米,东花市租房,,6500,富贵园四区,,20,,1室1厅
229平米,北苑租房,,28000,天溪园,,22,,4室2厅
79平米,梨园租房,,2800,云景西里南区,,16,,2室1厅
53平米,安定门租房,,6400,安德路47号院,,18,,2室1厅
50平米,亚运村租房,,5500,安慧里二区,,45,,1室2厅
149平米,望京租房,,23000,保利中央公园,,11,,3室2厅
64平米,芍药居租房,,5600,芍药居北里,,26,,1室1厅
58平米,马甸租房,,6500,月季园,,18,,2室1厅
56平米,上地租房,,6000,上地东里,,24,,2室1厅
120平米,顺义城租房,,5500,金汉绿港三区,,21,,3室1厅
71平米,清河租房,,5500,永泰西里,,35,,2室1厅
61平米,苏州桥租房,,6900,万泉庄小区,,24,,2室1厅
67平米,大望路租房,,7200,风度柏林,,19,,1室1厅
33平米,燕莎租房,,5800,新源街,,22,,1室2厅
36平米,大望路租房,,4700,CBD传奇,,18,,1室0厅
59平米,亦庄租房,,3400,贵园北里戊区,,29,,2室1厅
80平米,清河租房,,5200,毛纺厂南小区,,20,,2室1厅
38平米,金宝街租房,,7000,禾风相府,,23,,1室0厅
55平米,东花市租房,,6500,富贵园四区,,20,,1室1厅
229平米,北苑租房,,28000,天溪园,,22,,4室2厅
79平米,梨园租房,,2800,云景西里南区,,16,,2室1厅
53平米,安定门租房,,6400,安德路47号院,,18,,2室1厅
64平米,清河租房,,5500,莱圳家园,,24,,1室2厅
72平米,陶然亭租房,,6000,畅柳园,,15,,2室1厅
42平米,金融街租房,,7000,京畿道,,22,,1室1厅
74平米,朝阳门内租房,,8500,西水井胡同,,18,,2室1厅
48平米,四惠租房,,5400,壹线国际,,23,,1室0厅
64平米,芍药居租房,,5600,芍药居北里,,26,,1室1厅
58平米,马甸租房,,6500,月季园,,18,,2室1厅
56平米,上地租房,,6000,上地东里,,24,,2室1厅
58平米,西二旗租房,,4800,铭科苑,,32,,1室1厅
63平米,阜成门租房,,6200,阜成门外北街,,17,,2室1厅
150平米,安贞租房,,16000,深房大厦,,12,,3室1厅
52平米,新街口租房,,6300,文慧园15号16公寓,,27,,1室1厅
65平米,通州北苑租房,,3000,杨庄小区,,21,,2室1厅
70平米,大望路租房,,9500,乐成豪丽,,26,,1室1厅
52平米,北大地租房,,4200,东安街头条,,23,,2室1厅
81平米,苹果园租房,,4300,苹果园小区二区,,28,,2室1厅
100平米,朝青租房,,8500,华纺易城,,23,,2室1厅
57平米,朝青租房,,6000,青年汇佳园,,74,,1室1厅
92平米,百子湾租房,,8500,金泰先锋北区,,26,,2室1厅
175平米,双井租房,,26000,富力城A区,,18,,4室1厅
124平米,常营租房,,9500,万象新天四区,,8,,3室2厅
86平米,东关租房,,3200,东关北里小区,,5,,2室2厅
94平米,北苑租房,,6500,天怡家园,,9,,2室2厅
59平米,永定门租房,,5000,李村东里,,11,,2室1厅
43平米,亚运村租房,,5000,安园,,12,,1室1厅
54平米,灯市口租房,,8000,西堂子胡同,,14,,2室1厅
57平米,惠新西街租房,,5700,胜古东里,,7,,2室1厅
84平米,甘家口租房,,7600,阜光里小区,,7,,2室1厅
73平米,亚运村租房,,6600,慧忠北里第一社区,,8,,2室1厅
77平米,枣园租房,,4100,那尔水晶城,,8,,2室1厅
38平米,红庙租房,,5500,延静西里,,11,,1室1厅
88平米,长阳租房,,3100,原香小镇一区,,7,,2室1厅
131平米,回龙观租房,,7300,龙腾苑五区,,5,,3室1厅
92平米,新街口租房,,10500,文慧园一号公寓,,8,,2室1厅
65平米,马甸租房,,7200,新风街,,7,,2室1厅
162平米,红庙租房,,21000,华贸国际公寓,,6,,3室2厅
89平米,亚运村小营租房,,12500,远洋万和城B区,,15,,2室1厅
81平米,苏州桥租房,,9600,西屋国际,,9,,1室1厅
60平米,中关村租房,,7500,东南小区,,13,,2室1厅
114平米,酒仙桥租房,,9500,燕莎后,,7,,2室1厅
92平米,石佛营租房,,12000,公园1872,,13,,1室1厅
89平米,大望路租房,,11200,珠江帝景博悦,,12,,2室1厅
73平米,朝阳公园租房,,11500,丽水嘉园,,19,,1室1厅
102平米,红庙租房,,8500,呼家楼北里,,5,,3室1厅
120平米,朝阳门内租房,,20000,朝阳首府,,12,,2室1厅
80平米,西红门租房,,3500,宏福园,,5,,2室1厅
56平米,西三旗租房,,5000,建材城西一里,,6,,3室1厅
91平米,天通苑租房,,4350,天通苑东三区,,7,,2室1厅
170平米,望京租房,,18000,金隅国际,,9,,3室1厅
73平米,武夷花园租房,,3600,京贸国际城西区,,8,,2室1厅
88平米,长阳租房,,3000,碧桂园小区A区,,6,,2室1厅
127平米,万柳租房,,15000,涧桥泊屋,,6,,2室1厅
72平米,马甸租房,,7500,裕中东里,,7,,3室1厅
58平米,金融街租房,,6500,宣武门西大街,,10,,2室1厅
145平米,亚运村小营租房,,12000,宝石花苑,,6,,3室1厅
92平米,马家堡租房,,6500,西马金润一区,,9,,2室1厅
73平米,天宫院租房,,3800,金融街融汇,,11,,2室1厅
159平米,建国门内租房,,20000,贡院九号,,7,,2室1厅
120平米,四惠租房,,10000,远洋天地二期,,8,,2室1厅
97平米,双井租房,,10000,苹果社区南区,,8,,2室1厅
60平米,潘家园租房,,5500,华威西里,,5,,2室1厅
118平米,亚运村租房,,11000,阳光新干线,,8,,3室2厅
75平米,鼓楼大街租房,,4300,金隅万科城,,7,,2室1厅
59平米,北苑租房,,5500,华发颐园,,11,,1室0厅
88平米,望京租房,,8000,金隅丽港城,,7,,1室2厅
79平米,新华大街租房,,3300,吉祥园,,5,,2室1厅
106平米,天宁寺租房,,8500,源屋曲,,7,,2室1厅
84平米,百子湾租房,,7000,美利山,,9,,1室1厅
56平米,百子湾租房,,5500,沿海赛洛城,,13,,1室1厅
124平米,常营租房,,9500,万象新天四区,,8,,3室2厅
86平米,东关租房,,3200,东关北里小区,,5,,2室2厅
94平米,北苑租房,,6500,天怡家园,,9,,2室2厅
59平米,永定门租房,,5000,李村东里,,11,,2室1厅
43平米,亚运村租房,,5000,安园,,12,,1室1厅
54平米,灯市口租房,,8000,西堂子胡同,,14,,2室1厅
57平米,惠新西街租房,,5700,胜古东里,,7,,2室1厅
84平米,甘家口租房,,7600,阜光里小区,,7,,2室1厅
73平米,亚运村租房,,6600,慧忠北里第一社区,,8,,2室1厅
77平米,枣园租房,,4100,那尔水晶城,,8,,2室1厅
38平米,红庙租房,,5500,延静西里,,11,,1室1厅
88平米,长阳租房,,3100,原香小镇一区,,7,,2室1厅
186平米,工体租房,,18000,幸福二村,,7,,2室2厅
34平米,东关租房,,2200,清秀园北区,,10,,1室0厅
55平米,双榆树租房,,6800,双榆树北路6号院,,11,,2室1厅
110平米,五棵松租房,,8000,永定路甲19号院,,7,,3室2厅
102平米,朝阳门内租房,,12500,朝阳门南小街,,7,,3室1厅
54平米,酒仙桥租房,,6000,高家园一区,,7,,2室1厅
115平米,劲松租房,,7500,农光里,,8,,2室2厅
60平米,潘家园租房,,4500,劲松六区,,11,,2室0厅
83平米,长阳租房,,3000,加州水郡三期,,6,,2室1厅
52平米,双榆树租房,,7000,双榆树东里,,12,,2室1厅
62平米,和平里租房,,6400,和平街十四区,,8,,2室1厅
57平米,五棵松租房,,4800,西四环中路19号院,,10,,2室1厅
70平米,小西天租房,,8200,枫蓝国际,,13,,1室1厅
169平米,天竺租房,,7500,天竺花园,,11,,3室2厅
86平米,上地租房,,6500,当代城市家园,,7,,2室2厅
85平米,长阳租房,,3900,长阳半岛3号院,,5,,2室1厅
143平米,西红门租房,,7000,鸿坤理想城礼域府,,5,,3室2厅
58平米,广安门租房,,5900,朗琴园,,17,,1室0厅
46平米,安贞租房,,5900,安外大街,,12,,1室1厅
98平米,六里桥租房,,7500,饭际,,8,,2室2厅
59平米,和平里租房,,6300,柏林寺西,,7,,2室1厅
78平米,酒仙桥租房,,7100,梵谷水郡,,10,,2室1厅
63平米,五道口租房,,7100,东王庄,,15,,2室1厅
90平米,望京租房,,11500,臻园,,9,,2室1厅
60平米,潘家园租房,,5600,华威西里,,7,,2室1厅
50平米,安宁庄租房,,4800,安宁佳园,,10,,1室1厅
54平米,亚运村小营租房,,6200,育慧里二区,,14,,2室1厅
88平米,北苑租房,,6600,北苑家园茉藜园,,12,,2室1厅
64平米,菜户营租房,,5100,金泰城迷你,,6,,1室1厅
94平米,西红门租房,,5800,世嘉博苑,,8,,2室2厅
87平米,定慧寺租房,,6500,阜成路甲52号院,,11,,2室2厅
118平米,朝青租房,,11000,珠江罗马嘉园西区,,8,,3室1厅
134平米,顺义其它租房,,4500,石园东苑,,4,,3室1厅
58平米,甘露园租房,,5000,甘露园南里,,6,,2室1厅
51平米,万寿路租房,,7200,万寿路西街11号院,,8,,2室1厅
58平米,甘露园租房,,4600,甘露园南里,,7,,2室1厅
137平米,公主坟租房,,10000,中兴家园,,8,,2室1厅
131平米,回龙观租房,,7300,龙腾苑五区,,5,,3室1厅
69平米,西三旗租房,,5200,育新花园,,6,,2室1厅
76平米,北大地租房,,5100,永善里,,11,,2室1厅
55平米,亚运村租房,,6300,亚奥观典,,12,,1室0厅
126平米,小西天租房,,14000,今典花园,,10,,3室2厅
58平米,德胜门租房,,6600,光泽胡同,,12,,2室1厅
40平米,赵公口租房,,4400,苗圃东里,,8,,2室1厅
154平米,朝阳公园租房,,21000,观湖国际,,10,,3室2厅
58平米,广安门租房,,5900,朗琴园,,15,,1室1厅
92平米,长阳租房,,3000,碧桂园小区C区,,8,,2室1厅
61平米,双榆树租房,,7800,知春里,,5,,2室1厅
55平米,亦庄租房,,3500,上海沙龙,,8,,1室1厅
128平米,CBD租房,,16000,SOHO现代城,,8,,2室1厅
57平米,亚运村小营租房,,6000,主场,,16,,1室1厅
101平米,管庄租房,,6700,柏林爱乐二期,,8,,2室1厅
65平米,马连洼租房,,5500,水利局小区,,12,,2室1厅
75平米,奥林匹克公园租房,,6700,澳林春天一期,,6,,2室1厅
61平米,旧宫租房,,3000,芳源里,,11,,1室1厅
54平米,东直门租房,,5700,胡家园小区,,9,,1室1厅
92平米,长阳租房,,3000,碧桂园小区C区,,8,,2室1厅
61平米,双榆树租房,,7800,知春里,,5,,2室1厅
104平米,东坝租房,,5400,朝阳新城二区,,9,,2室1厅
110平米,科技园区租房,,7500,富锦嘉园四区,,12,,3室1厅
80平米,滨河西区租房,,3500,德露苑,,6,,2室1厅
92平米,黄村火车站租房,,3800,艺苑桐城,,6,,2室1厅
65平米,果园租房,,3300,苏荷时代,,5,,1室1厅
59平米,潘家园租房,,5200,松榆西里,,6,,2室1厅
94平米,滨河西区租房,,4500,倚山嘉园,,13,,2室1厅
42平米,马甸租房,,5300,新风北里,,12,,1室1厅
89平米,双井租房,,9200,首城国际,,7,,2室1厅
61平米,梨园租房,,3500,新通国际花园,,10,,1室1厅
93平米,五道口租房,,12000,成府公馆,,10,,2室1厅
139平米,东坝租房,,8500,奥林匹克花园四期,,6,,3室2厅
61平米,马甸租房,,7500,新外大街甲8号院,,6,,2室1厅
91平米,酒仙桥租房,,10000,丽都壹号,,8,,2室1厅
40平米,清河租房,,4800,信息学院家属楼,,11,,1室1厅
59平米,玉泉营租房,,4700,万年花城五期,,14,,1室1厅
52平米,顺义城租房,,2600,西辛北区,,10,,2室1厅
118平米,广渠门租房,,14000,幸福家园一期,,6,,3室2厅
54平米,东花市租房,,6000,花市东三条,,6,,2室1厅
57平米,潘家园租房,,5100,松榆西里,,6,,2室1厅
131平米,万柳租房,,19000,万泉新新家园,,6,,3室2厅
57平米,永定门租房,,4800,安乐林二条,,7,,2室1厅
50平米,马甸租房,,5600,双旗杆东里,,10,,1室1厅
121平米,亦庄开发区其它租房,,7600,枫丹壹,,9,,3室1厅
85平米,双井租房,,12000,富力城C区,,6,,2室1厅
62平米,西红门租房,,3500,兴海家园月苑,,12,,1室1厅
90平米,官园租房,,13000,葱店胡同2号院,,8,,3室1厅
53平米,百子湾租房,,5500,沿海赛洛城,,6,,1室1厅
88平米,大望路租房,,8600,后现代城,,7,,2室1厅
89平米,豆各庄租房,,5000,富力又一城C区,,11,,2室2厅
118平米,潞苑租房,,5000,珠江国际城八区,,5,,2室1厅
91平米,东坝租房,,6900,首开常青藤一期,,9,,3室1厅
58平米,刘家窑租房,,4300,石榴园北里小区,,6,,2室1厅
102平米,和义租房,,4600,久敬佳园二区,,5,,2室2厅
62平米,鲁谷租房,,4000,永乐西区,,18,,2室1厅
74平米,武夷花园租房,,3700,京贸国际城西区,,5,,2室1厅
75平米,苹果园租房,,4200,金顶街五区,,9,,2室1厅
57平米,红庙租房,,6500,红庙北里,,6,,2室1厅
124平米,朝阳门内租房,,17000,朝阳首府,,10,,2室1厅
56平米,阜成门租房,,5800,扣钟北里,,14,,2室1厅
90平米,四惠租房,,9500,东恒时代二期,,7,,2室1厅
53平米,国展租房,,5700,左家庄北里,,10,,1室1厅
53平米,望京租房,,6500,南湖中园二区,,15,,2室1厅
42平米,牡丹园租房,,5200,塔院小区,,11,,1室1厅
68平米,潘家园租房,,5800,潘家园东里,,4,,2室1厅
65平米,朝阳门内租房,,8500,仓南胡同14号院,,9,,3室1厅
102平米,双井租房,,13000,富力城B区,,4,,3室1厅
84平米,武夷花园租房,,4200,BOBO自由城,,5,,2室1厅
75平米,潘家园租房,,7000,华威西里,,5,,2室2厅
87平米,回龙观租房,,5800,融泽嘉园,,7,,2室1厅
136平米,朝阳公园租房,,16500,观湖国际,,8,,2室2厅
30平米,西直门租房,,6500,玉桃园三区,,5,,1室1厅
61平米,西直门租房,,7000,玉桃园三区,,7,,2室1厅
48平米,知春路租房,,6700,知春路2号院,,9,,2室1厅
89平米,武夷花园租房,,4500,运河湾,,7,,2室1厅
58平米,马甸租房,,6600,月季园,,9,,2室1厅
88平米,长阳租房,,3400,首创新悦都,,7,,3室1厅
59平米,双井租房,,6800,苹果社区北区,,12,,1室0厅
124平米,朝阳门内租房,,17000,朝阳首府,,10,,2室1厅
56平米,阜成门租房,,5800,扣钟北里,,14,,2室1厅
90平米,四惠租房,,9500,东恒时代二期,,7,,2室1厅
53平米,国展租房,,5700,左家庄北里,,10,,1室1厅
53平米,望京租房,,6500,南湖中园二区,,15,,2室1厅
42平米,牡丹园租房,,5200,塔院小区,,11,,1室1厅
68平米,潘家园租房,,5800,潘家园东里,,4,,2室1厅
79平米,苏州桥租房,,9500,万泉庄小区,,9,,3室1厅
40平米,小西天租房,,4600,红联北村,,17,,1室1厅
39平米,金融街租房,,6500,宣武门西大街,,16,,1室0厅
87平米,亚运村小营租房,,8700,紫薇天悦,,7,,3室1厅
45平米,永定门租房,,4600,华龙美晟,,12,,1室1厅
41平米,阜成门租房,,4800,百万庄中里,,10,,1室1厅
101平米,三里屯租房,,16000,富力爱丁堡公馆,,7,,1室1厅
87平米,新华大街租房,,3500,故城东路11号院,,5,,2室1厅
87平米,亚运村小营租房,,7000,紫薇天悦,,8,,2室1厅
90平米,青塔租房,,6500,万科中粮假日风景,,11,,2室1厅
58平米,华威桥租房,,4500,双龙南里,,12,,2室1厅
78平米,垡头租房,,4600,翠成馨园,,11,,2室1厅
105平米,芍药居租房,,8200,芍药居北里,,10,,2室1厅
85平米,苹果园租房,,5500,海特花园小区,,19,,2室1厅
55平米,和平里租房,,5500,交林,,10,,2室1厅
113平米,安定门租房,,12000,华府景园,,7,,2室1厅
167平米,酒仙桥租房,,19500,和乔丽晶一期,,11,,2室2厅
59平米,双井租房,,8000,富力城A区,,16,,1室0厅
109平米,双井租房,,12000,时代国际嘉园,,7,,3室1厅
111平米,东关租房,,3400,东关北里小区,,1,,3室2厅
98平米,回龙观租房,,5300,龙兴园北区,,3,,3室2厅
139平米,黄村北租房,,8500,金地仰山,,1,,4室2厅
100平米,紫竹桥租房,,8000,双紫小区,,4,,3室1厅
87平米,回龙观租房,,5300,龙回苑,,3,,2室1厅
59平米,牛街租房,,5900,白广路6号院,,4,,2室1厅
154平米,新华大街租房,,8000,北京ONE,,3,,3室1厅
76平米,苏州桥租房,,8700,海淀南路,,2,,3室1厅
81平米,马甸租房,,8500,双旗杆东里,,4,,3室1厅
109平米,花乡租房,,5200,银地家园,,1,,3室1厅
56平米,建国门外租房,,6500,灵通观,,3,,2室1厅
80平米,苏州桥租房,,9000,万泉庄小区,,2,,3室1厅
101平米,工体租房,,13500,工体3号,,1,,2室1厅
63平米,东花市租房,,6800,本家润园三期,,4,,2室1厅
100平米,五道口租房,,12000,华清嘉园,,2,,2室1厅
102平米,城子租房,,3700,绿岛家园,,2,,2室1厅
58平米,北苑租房,,4600,环科院,,2,,1室1厅
124平米,安定门租房,,14000,青年湖东里,,1,,3室1厅
86平米,西红门租房,,5500,世嘉博苑,,3,,2室1厅
62平米,亚运村租房,,6400,安慧北里秀园,,2,,2室1厅
86平米,清河租房,,8200,橡树湾,,1,,2室1厅
88平米,学院路租房,,8600,逸成东苑,,1,,3室1厅
52平米,皂君庙租房,,5000,皂君东里,,1,,2室1厅
112平米,岳各庄租房,,6500,珠江峰景,,1,,2室1厅
60平米,万寿路租房,,5600,万寿路1号院,,3,,2室1厅
104平米,公主坟租房,,13000,国海广场,,2,,2室1厅
48平米,十里堡租房,,4300,八里庄南里,,5,,1室1厅
61平米,右安门内租房,,5800,白纸坊西街,,3,,2室1厅
89平米,酒仙桥租房,,9000,梵谷水郡,,2,,2室1厅
54平米,西关环岛租房,,3500,建明里小区,,3,,2室1厅
47平米,蒲黄榆租房,,4300,南三环中路15号院,,3,,1室1厅
119平米,西红门租房,,4800,兴都苑,,2,,3室2厅
107平米,马连道租房,,6500,丽泽雅园,,3,,2室1厅
203平米,玉泉营租房,,15000,怡海花园恒丰园,,1,,3室2厅
102平米,城子租房,,3700,绿岛家园,,2,,2室1厅
58平米,北苑租房,,4600,环科院,,2,,1室1厅
124平米,安定门租房,,14000,青年湖东里,,1,,3室1厅
86平米,西红门租房,,5500,世嘉博苑,,3,,2室1厅
62平米,亚运村租房,,6400,安慧北里秀园,,2,,2室1厅
86平米,清河租房,,8200,橡树湾,,1,,2室1厅
42平米,霍营租房,,3333,天鑫家园,,2,,1室0厅
75平米,亚运村小营租房,,7500,主场,,1,,1室1厅
149平米,五道口租房,,16000,东升园,,1,,3室2厅
111平米,天通苑租房,,6000,天通苑北一区,,4,,2室1厅
69平米,回龙观租房,,5200,龙华园,,4,,2室1厅
130平米,奥林匹克公园租房,,13500,融域嘉园,,3,,3室1厅
62平米,望京租房,,5800,世安家园,,1,,1室0厅
43平米,菜户营租房,,4000,乐城,,2,,1室0厅
44平米,阜成门租房,,6200,北礼士路70号院,,2,,1室1厅
62平米,马甸租房,,6200,马甸南村,,3,,2室1厅
106平米,苹果园租房,,5800,海特花园小区,,1,,3室2厅
66平米,苏州桥租房,,6600,三义庙北,,1,,2室1厅
101平米,牡丹园租房,,9000,中鑫嘉园,,1,,2室1厅
199平米,朝阳公园租房,,30000,泛海国际碧海园,,4,,3室2厅
75平米,东关租房,,3800,宁馨苑,,1,,2室1厅
108平米,四季青租房,,9500,水云居,,5,,2室1厅
66平米,双井租房,,9200,富力城C区,,2,,1室1厅
114平米,西三旗租房,,7500,知本时代,,1,,3室1厅
74平米,望京租房,,7200,花家地小区,,3,,2室1厅
68平米,良乡租房,,2100,良乡中路24号院,,4,,3室1厅
180平米,朝青租房,,16000,天鹅湾南区,,1,,3室2厅
87平米,酒仙桥租房,,7800,梵谷水郡,,5,,2室1厅
92平米,双井租房,,11500,富力城A区,,1,,2室1厅
58平米,和平里租房,,6300,和平街十区,,2,,2室1厅
54平米,新华大街租房,,3200,新城东里,,1,,2室1厅
120平米,奥林匹克公园租房,,9200,澳林春天三期,,5,,2室1厅
88平米,东花市租房,,10500,富贵园一区,,1,,2室2厅
67平米,鲁谷租房,,4000,永乐东区,,2,,2室1厅
67平米,回龙观租房,,5000,龙华园,,1,,2室1厅
107平米,亚运村租房,,12000,阳光广场,,3,,2室1厅
130平米,顺义城租房,,3500,石园北区,,2,,3室1厅
86平米,望京租房,,8200,花家地西里二区,,1,,3室1厅
165平米,十里堡租房,,15500,爱这城二期,,1,,3室2厅
100平米,后沙峪租房,,6000,裕祥花园,,1,,3室1厅
62平米,五道口租房,,6800,王庄路27号院,,1,,2室1厅
78平米,天宁寺租房,,6500,天宁寺前街南里,,4,,2室2厅
76平米,亚运村租房,,7600,安慧北里逸园,,2,,2室1厅
36平米,马连道租房,,4300,红莲北里,,2,,1室1厅
62平米,顺义城租房,,3800,西辛南区,,4,,2室1厅
85平米,新街口租房,,8000,新外大街31号院,,3,,2室1厅
91平米,亦庄租房,,5500,金色漫香林五期,,3,,2室1厅
53平米,望京租房,,5700,南湖中园二区,,1,,1室1厅
56平米,鲁谷租房,,4800,诗景长安,,1,,1室1厅
49平米,田村租房,,4800,西木小区,,3,,2室1厅
57平米,潘家园租房,,4300,劲松七区,,2,,2室2厅
104平米,南沙滩租房,,8200,天和人家,,3,,2室1厅
104平米,回龙观租房,,5400,北京农职院家属楼,,2,,3室1厅
103平米,科技园区租房,,7000,怡海花园富润园,,2,,2室1厅
93平米,草桥租房,,5800,草桥欣园四区,,2,,3室1厅
51平米,燕莎租房,,6200,三源里北小街,,2,,1室1厅
77平米,劲松租房,,7500,都城心屿,,5,,2室1厅
135平米,北苑租房,,9000,华贸城,,3,,3室1厅
91平米,武夷花园租房,,4300,西上园二区,,1,,2室1厅
90平米,玉泉营租房,,6200,青秀城,,3,,3室1厅
62平米,西红门租房,,3800,兴海家园星苑,,2,,1室1厅
126平米,北苑租房,,8500,拂林园,,4,,2室1厅
77平米,右安门外租房,,5700,百合园,,4,,2室1厅
52平米,广安门租房,,5400,朗琴园,,2,,1室0厅
62平米,大望路租房,,6800,后现代城,,2,,1室1厅
54平米,新华大街租房,,3200,新城东里,,1,,2室1厅
63平米,西坝河租房,,6000,柳芳北街9号院,,1,,2室1厅
53平米,永定门租房,,4200,安乐林中街,,1,,2室1厅
54平米,四惠租房,,5000,八里庄西里,,1,,2室1厅
52平米,双井租房,,6700,双花园,,1,,2室1厅
63平米,鲁谷租房,,3800,七星园,,3,,2室1厅
80平米,回龙观租房,,5800,龙泽苑西区,,4,,2室1厅
170平米,北苑租房,,13500,万科星园,,1,,3室2厅
63平米,鲁谷租房,,4500,七星园,,4,,2室1厅
91平米,青塔租房,,7000,万科紫苑,,1,,3室1厅
136平米,东大桥租房,,21000,北京财富中心,,2,,2室1厅
70平米,武夷花园租房,,3700,京贸国际城西区,,1,,2室1厅
141平米,亚运村租房,,15000,荣尊堡国际俱乐部公寓,,4,,2室2厅
55平米,望京租房,,5500,花家地小区,,3,,2室1厅
88平米,九棵树(家乐福)租房,,4600,大方居,,4,,4室2厅
39平米,金融街租房,,6800,京畿道,,1,,1室1厅
93平米,枣园租房,,3900,枣园东里,,1,,2室1厅
85平米,滨河西区租房,,3300,葡东南区,,1,,2室1厅
80平米,宋家庄租房,,6000,政怡家园,,2,,2室1厅
66平米,管庄租房,,4900,柏林爱乐三期,,4,,1室1厅
67平米,鲁谷租房,,4000,永乐东区,,2,,2室1厅
56平米,鲁谷租房,,4800,诗景长安,,1,,1室1厅
49平米,田村租房,,4800,西木小区,,3,,2室1厅
120平米,奥林匹克公园租房,,9200,澳林春天三期,,5,,2室1厅
88平米,东花市租房,,10500,富贵园一区,,1,,2室2厅
55平米,乔庄租房,,2900,玉桥北里,,4,,2室1厅
48平米,西三旗租房,,4200,上奥世纪中心,,5,,1室0厅
42平米,北大地租房,,3400,前泥洼小区,,5,,1室1厅
59平米,双桥租房,,3500,双桥六号井,,5,,2室1厅
138平米,广安门租房,,13000,丽水莲花,,4,,3室2厅
47平米,地安门租房,,7200,帽儿胡同45号院,,4,,2室1厅
55平米,南沙滩租房,,6000,北沙滩6号院,,4,,2室1厅
46平米,官园租房,,6200,小后仓,,3,,1室1厅
46平米,朝青租房,,9000,天鹅湾北区,,4,,1室2厅
39平米,朝青租房,,8300,天鹅湾北区,,4,,1室2厅
104平米,双井租房,,11000,合生国际花园,,4,,2室2厅
103平米,双井租房,,11000,合生国际花园,,3,,2室1厅
85平米,双井租房,,11800,富力城A区,,3,,2室1厅
147平米,清河租房,,12000,世华龙樾,,4,,3室2厅
74平米,牡丹园租房,,8600,塔院小区,,4,,3室0厅
53平米,太平桥租房,,5200,太平桥西里,,5,,2室1厅
92平米,亦庄租房,,7500,郁金香舍,,4,,2室1厅
101平米,天通苑租房,,5200,天通苑中苑,,5,,2室1厅
91平米,武夷花园租房,,4300,西上园二区,,1,,2室1厅
81平米,丽泽租房,,6800,保利百合,,5,,2室1厅
140平米,东花市租房,,15500,花市枣苑一期,,2,,3室2厅
52平米,马甸租房,,6000,裕民路3号院,,2,,2室1厅
52平米,马甸租房,,6000,裕民路3号院,,3,,2室1厅
46平米,临河里租房,,3300,海棠湾一期,,2,,1室1厅
103平米,科技园区租房,,7000,怡海花园富润园,,2,,2室1厅
93平米,草桥租房,,5800,草桥欣园四区,,2,,3室1厅
51平米,燕莎租房,,6200,三源里北小街,,2,,1室1厅
77平米,劲松租房,,7500,都城心屿,,5,,2室1厅
90平米,玉泉营租房,,6200,青秀城,,3,,3室1厅
90平米,十里堡租房,,7500,海华堂,,1,,2室1厅
77平米,黄村火车站租房,,3100,车站中里,,2,,2室1厅
55平米,广安门租房,,5200,西豪逸景,,2,,1室0厅
55平米,双井租房,,7000,苹果社区南区,,2,,1室0厅
52平米,牛街租房,,4700,青春无限,,5,,1室0厅
54平米,角门租房,,5500,阳光花园,,3,,1室1厅
97平米,高碑店租房,,7300,兴隆家园,,4,,2室1厅
55平米,南沙滩租房,,6000,北沙滩6号院,,4,,2室1厅
52平米,临河里租房,,3300,华业东方玫瑰,,6,,1室1厅
42平米,北大地租房,,3400,前泥洼小区,,5,,1室1厅
53平米,太平桥租房,,5200,太平桥西里,,5,,2室1厅
59平米,双桥租房,,3500,双桥六号井,,5,,2室1厅
147平米,清河租房,,12000,世华龙樾,,4,,3室2厅
92平米,亦庄租房,,7500,郁金香舍,,4,,2室1厅
93平米,清河租房,,6100,强佑清河新城,,5,,2室1厅
85平米,回龙观租房,,6600,首开智慧社,,6,,2室1厅
66平米,双井租房,,10000,富力城A区,,4,,1室1厅
139平米,太阳宫租房,,15500,水星园,,5,,3室1厅
114平米,芍药居租房,,8000,世捷座,,2,,3室1厅
48平米,西三旗租房,,4200,上奥世纪中心,,5,,1室0厅
80平米,常营租房,,6000,北辰福第二号院,,3,,2室1厅
137平米,后沙峪租房,,5500,蓝星花园,,4,,2室2厅
56平米,西坝河租房,,7000,光熙家园一期,,2,,1室0厅
46平米,官园租房,,6200,小后仓,,3,,1室1厅
95平米,陶然亭租房,,12500,中信锦园,,3,,2室1厅
67平米,甘露园租房,,5500,丽景馨居,,5,,1室1厅
74平米,牡丹园租房,,8600,塔院小区,,4,,3室0厅
42平米,岳各庄租房,,3400,大井东里,,3,,1室1厅
60平米,苏州桥租房,,7300,稻香园西里,,2,,2室1厅
46平米,朝青租房,,9000,天鹅湾北区,,4,,1室2厅
39平米,朝青租房,,8300,天鹅湾北区,,4,,1室2厅
55平米,玉泉营租房,,3700,新村二里,,2,,2室1厅
80平米,常营租房,,6000,北辰福第二号院,,3,,2室1厅
43平米,和平里租房,,4800,东土城路7号院,,3,,1室1厅
67平米,马甸租房,,6500,双旗杆东里,,4,,2室1厅
72平米,朝青租房,,7800,青年汇佳园,,5,,2室1厅
110平米,角门租房,,7200,杏林园,,5,,3室1厅
91平米,天通苑租房,,6600,太平家园,,6,,2室2厅
57平米,上地租房,,4500,当代城市家园,,5,,1室0厅
42平米,岳各庄租房,,3400,大井东里,,3,,1室1厅
85平米,回龙观租房,,6600,首开智慧社,,6,,2室1厅
56平米,西坝河租房,,7000,光熙家园一期,,2,,1室0厅
139平米,太阳宫租房,,15500,水星园,,5,,3室1厅
60平米,苏州桥租房,,7300,稻香园西里,,2,,2室1厅
67平米,甘露园租房,,5500,丽景馨居,,5,,1室1厅
66平米,双井租房,,10000,富力城A区,,4,,1室1厅
204平米,世纪城租房,,21000,远大园三区,,29,,4室2厅
110平米,北七家租房,,4300,桃花苑,,18,,3室2厅
69平米,陶然亭租房,,6500,姚家井二巷,,20,,3室1厅
84平米,望京租房,,9300,慧谷阳光,,23,,2室1厅
127平米,世纪城租房,,14000,春荫园,,39,,2室2厅
94平米,顺义城租房,,4500,万科四季花城,,14,,2室1厅
99平米,安宁庄租房,,7200,安宁佳园,,22,,3室1厅
82平米,定福庄租房,,6000,绿岛苑西区,,19,,3室1厅
57平米,看丹桥租房,,6000,韩庄子西里,,19,,3室1厅
56平米,新街口租房,,5700,新街口西里三区,,30,,1室1厅
196平米,甘家口租房,,23000,海赋国际,,8,,4室1厅
103平米,建国门内租房,,12800,赵堂子胡同,,18,,3室1厅
144平米,亦庄租房,,7500,新康家园,,18,,3室2厅
89平米,立水桥租房,,5200,佳运园三期,,15,,2室1厅
162平米,望京租房,,15500,大西洋新城A区,,8,,3室2厅
95平米,农展馆租房,,11500,伯宁花园,,24,,2室1厅
62平米,北苑租房,,6500,华贸城,,33,,2室1厅
51平米,通州北苑租房,,2800,西果园小区,,16,,1室1厅
53平米,工体租房,,7200,十字坡东里,,17,,2室1厅
92平米,亦庄租房,,5000,瀛景园,,8,,2室1厅
122平米,亚运村小营租房,,13500,嘉铭桐城F区,,20,,3室1厅
52平米,大望路租房,,6500,金港国际,,18,,1室0厅
88平米,北七家租房,,4200,金色漫香苑,,17,,2室1厅
131平米,八角租房,,7600,融景城,,24,,3室1厅
109平米,回龙观租房,,5300,龙华园,,18,,3室1厅
148平米,苏州桥租房,,17000,大河庄苑,,42,,3室2厅
50平米,陶然亭租房,,5300,姚家井二巷,,19,,2室1厅
104平米,奥林匹克公园租房,,8000,澳林春天二期,,16,,2室2厅
101平米,北苑租房,,5900,北苑家园绣菊园,,31,,2室1厅
104平米,中关村租房,,13000,航天社区,,16,,3室1厅
156平米,黄村北租房,,10000,翡翠城二期,,52,,3室2厅
110平米,牛街租房,,9500,南线阁41号院,,64,,3室2厅
227平米,工体租房,,21000,联宝公寓,,7,,3室1厅
150平米,后沙峪租房,,13000,江山赋,,24,,4室1厅
103平米,望京租房,,13000,东湖湾一期,,20,,2室1厅
63平米,健翔桥租房,,5600,华严北里二区1号院,,17,,2室1厅
86平米,知春路租房,,8200,罗庄西里,,33,,2室1厅
91平米,石佛营租房,,6800,朝阳捷座,,38,,2室1厅
46平米,良乡租房,,1300,伟业嘉园西里,,26,,1室1厅
112平米,官园租房,,15800,国英园,,25,,2室2厅
97平米,后沙峪租房,,7000,江山赋,,42,,2室1厅
101平米,西三旗租房,,5500,新康园,,16,,2室1厅
102平米,甘露园租房,,7100,白领家园,,17,,2室1厅
169平米,五道口租房,,20000,水清木华园,,26,,3室1厅
115平米,宣武门租房,,12000,椿树园,,23,,3室2厅
83平米,皂君庙租房,,8000,青云南区,,24,,2室1厅
61平米,惠新西街租房,,5700,樱花园,,28,,2室1厅
180平米,玉桥租房,,4800,远洋东方公馆,,19,,3室2厅
129平米,崇文门租房,,14000,新裕家园,,17,,3室1厅
130平米,北苑租房,,12000,亚奥金茂悦,,17,,3室1厅
83平米,十里堡租房,,5900,京棉新城,,26,,2室1厅
59平米,西四租房,,7500,大乘巷,,27,,2室1厅
103平米,望京租房,,13000,东湖湾一期,,20,,2室1厅
122平米,亚运村小营租房,,13500,嘉铭桐城F区,,20,,3室1厅
52平米,大望路租房,,6500,金港国际,,18,,1室0厅
88平米,北七家租房,,4200,金色漫香苑,,17,,2室1厅
131平米,八角租房,,7600,融景城,,24,,3室1厅
109平米,回龙观租房,,5300,龙华园,,18,,3室1厅
62平米,北苑租房,,6500,华贸城,,33,,2室1厅
63平米,健翔桥租房,,5600,华严北里二区1号院,,17,,2室1厅
50平米,陶然亭租房,,5300,姚家井二巷,,19,,2室1厅
104平米,奥林匹克公园租房,,8000,澳林春天二期,,16,,2室2厅
101平米,北苑租房,,5900,北苑家园绣菊园,,31,,2室1厅
104平米,中关村租房,,13000,航天社区,,16,,3室1厅
156平米,黄村北租房,,10000,翡翠城二期,,52,,3室2厅
110平米,牛街租房,,9500,南线阁41号院,,64,,3室2厅
227平米,工体租房,,21000,联宝公寓,,7,,3室1厅
150平米,后沙峪租房,,13000,江山赋,,24,,4室1厅
148平米,苏州桥租房,,17000,大河庄苑,,42,,3室2厅
88平米,霍营租房,,5800,紫金新干线,,17,,2室1厅
171平米,惠新西街租房,,16000,世纪嘉园,,7,,4室2厅
74平米,朝阳门内租房,,8200,西水井胡同,,20,,2室1厅
74平米,清河租房,,5500,阳光南里,,17,,2室1厅
84平米,望京租房,,8000,望京花园西区,,16,,2室1厅
205平米,豆各庄租房,,12000,京城雅居,,8,,5室1厅
169平米,五道口租房,,20000,水清木华园,,26,,3室1厅
115平米,宣武门租房,,12000,椿树园,,23,,3室2厅
146平米,枣园租房,,6800,原生墅,,31,,3室1厅
143平米,奥林匹克公园租房,,12500,澳林春天五期,,17,,3室1厅
183平米,朝阳门内租房,,26000,朝阳首府,,25,,3室1厅
143平米,万柳租房,,20000,万泉新新家园,,28,,3室2厅
37平米,团结湖租房,,4800,团结湖北二条,,45,,1室1厅
65平米,大望路租房,,6800,易构空间,,19,,1室1厅
53平米,官园租房,,6800,东冠英胡同,,32,,2室1厅
139平米,苹果园租房,,9600,雍景四季,,25,,3室2厅
109平米,常营租房,,7500,万象新天天际高尔夫,,27,,2室1厅
145平米,后沙峪租房,,9500,香花畦家园,,24,,3室2厅
182平米,朝阳门外租房,,18000,京华豪园,,25,,3室2厅
66平米,西四租房,,8000,爱民里小区,,17,,3室1厅
112平米,朝阳门外租房,,15000,吉庆里小区,,19,,2室1厅
132平米,四季青租房,,15000,汤泉逸墅,,20,,2室2厅
100平米,旧宫租房,,3800,芳源里,,20,,2室2厅
137平米,奥林匹克公园租房,,13000,融域嘉园,,24,,3室2厅
71平米,万寿路租房,,6700,万寿路甲15号院四区,,19,,2室1厅
90平米,亦庄租房,,4900,金色漫香林五期,,15,,2室1厅
113平米,潞苑租房,,6500,K2清水湾,,16,,3室1厅
157平米,四季青租房,,16000,玫瑰御园,,5,,3室1厅
23平米,北京南站租房,,3400,世纪金色嘉园,,29,,1室0厅
88平米,学院路租房,,8200,逸成东苑,,17,,3室1厅
115平米,和义租房,,5300,久敬佳园一区,,17,,2室2厅
38平米,旧宫租房,,3100,亦庄北岸,,26,,1室0厅
39平米,果园租房,,3000,雅丽世居,,30,,1室0厅
91平米,太平桥租房,,6400,首科花园,,22,,2室1厅
74平米,朝阳门内租房,,8200,西水井胡同,,20,,2室1厅
74平米,清河租房,,5500,阳光南里,,17,,2室1厅
38平米,旧宫租房,,3100,亦庄北岸,,26,,1室0厅
39平米,果园租房,,3000,雅丽世居,,30,,1室0厅
91平米,太平桥租房,,6400,首科花园,,22,,2室1厅
113平米,双井租房,,12000,CBD总部公寓二期,,21,,3室1厅
112平米,朝阳门外租房,,15000,吉庆里小区,,19,,2室1厅
132平米,四季青租房,,15000,汤泉逸墅,,20,,2室2厅
100平米,旧宫租房,,3800,芳源里,,20,,2室2厅
137平米,奥林匹克公园租房,,13000,融域嘉园,,24,,3室2厅
71平米,万寿路租房,,6700,万寿路甲15号院四区,,19,,2室1厅
90平米,亦庄租房,,4900,金色漫香林五期,,15,,2室1厅
113平米,潞苑租房,,6500,K2清水湾,,16,,3室1厅
157平米,四季青租房,,16000,玫瑰御园,,5,,3室1厅
23平米,北京南站租房,,3400,世纪金色嘉园,,29,,1室0厅
88平米,学院路租房,,8200,逸成东苑,,17,,3室1厅
167平米,酒仙桥租房,,25000,丽都水岸,,24,,3室2厅
82平米,滨河西区租房,,3300,门头沟月季园,,26,,3室1厅
163平米,金宝街租房,,28000,禾风相府,,35,,3室1厅
65平米,东四租房,,8200,朝内大街201号院,,38,,2室1厅
90平米,长阳租房,,4500,芭蕾雨悦都南区,,14,,3室1厅
217平米,酒仙桥租房,,33000,丽都水岸B5区,,11,,3室2厅
135平米,马家堡租房,,12000,星河城西区,,8,,3室2厅
54平米,陶然亭租房,,6500,禄长街头条19号院,,5,,2室1厅
59平米,北苑租房,,5700,天居园,,0,,1室1厅
56平米,金融街租房,,8300,新文化街,,29,,2室1厅
191平米,亦庄开发区其它租房,,9000,中信新城西区,,1,,3室2厅
51平米,阜成门租房,,7100,外交学院,,25,,2室1厅
56平米,西北旺租房,,4300,百旺新城,,8,,1室1厅
60平米,新街口租房,,6200,红联南村,,7,,2室1厅
62平米,通州北苑租房,,3500,长城国际,,10,,1室1厅
71平米,安宁庄租房,,5400,清上园,,9,,1室1厅
50平米,六里桥租房,,5000,铁路小区,,5,,1室1厅
82平米,大峪租房,,3000,桃园小区,,6,,2室1厅
66平米,东直门租房,,8500,北新仓胡同,,7,,2室1厅
89平米,石佛营租房,,13500,公园1872,,7,,1室1厅
58平米,西直门租房,,5500,明光村小区,,9,,2室1厅
52平米,五里店租房,,3200,程庄南里,,5,,1室1厅
66平米,学院路租房,,5500,城华园,,6,,1室1厅
68平米,百子湾租房,,6000,沿海赛洛城,,6,,1室1厅
81平米,红庙租房,,13000,华贸国际公寓,,8,,1室1厅
119平米,太平桥租房,,8600,首科花园,,6,,3室2厅
57平米,世纪城租房,,6200,晨月园,,16,,1室1厅
80平米,回龙观租房,,4800,龙华园,,8,,2室1厅
57平米,古城租房,,4200,古城南路,,9,,2室1厅
78平米,二里庄租房,,8500,二里庄小区,,8,,3室1厅
68平米,北关租房,,5000,物资学院家属院,,6,,3室1厅
98平米,岳各庄租房,,5600,民岳家园,,6,,2室1厅
57平米,洋桥租房,,4700,洋桥西里,,8,,2室1厅
53平米,安贞租房,,6800,安贞里,,7,,2室1厅
42平米,望京租房,,4600,花家地南里,,8,,1室1厅
71平米,临河里租房,,4200,华业东方玫瑰,,6,,2室1厅
68平米,百子湾租房,,6200,沿海赛洛城,,10,,1室1厅
46平米,金宝街租房,,6700,禾风相府,,9,,1室0厅
64平米,苹果园租房,,3700,模式口南里,,6,,2室1厅
43平米,东大桥租房,,5800,核桃园北里,,7,,1室1厅
38平米,管庄租房,,3800,华龙美树,,8,,1室0厅
57平米,北七家租房,,3300,名佳花园四区,,11,,1室1厅
84平米,望京租房,,6200,点击未来,,6,,1室1厅
54平米,滨河西区租房,,2800,葡东小区,,8,,2室1厅
53平米,中关村租房,,6500,荣上居,,10,,1室1厅
74平米,苹果园租房,,4300,苹果园小区三区,,7,,2室1厅
57平米,世纪城租房,,6200,晨月园,,16,,1室1厅
80平米,回龙观租房,,4800,龙华园,,8,,2室1厅
57平米,古城租房,,4200,古城南路,,9,,2室1厅
57平米,洋桥租房,,4700,洋桥西里,,8,,2室1厅
40平米,北工大租房,,4500,松榆东里,,9,,1室1厅
35平米,陶然亭租房,,4100,姚家井二巷,,8,,1室1厅
92平米,苹果园租房,,6200,雍景四季,,7,,2室1厅
61平米,官园租房,,7200,西直门南大街,,5,,2室1厅
40平米,南沙滩租房,,5500,华源冠军城,,8,,1室0厅
54平米,五棵松租房,,5800,复兴路30号院,,7,,2室1厅
48平米,白石桥租房,,6000,海洋局小区,,7,,1室1厅
50平米,苹果园租房,,3600,西井小区一区,,9,,2室1厅
126平米,北苑租房,,11500,天畅园,,8,,2室1厅
84平米,望京租房,,6200,点击未来,,6,,1室1厅
54平米,滨河西区租房,,2800,葡东小区,,8,,2室1厅
53平米,中关村租房,,6500,荣上居,,10,,1室1厅
74平米,苹果园租房,,4300,苹果园小区三区,,7,,2室1厅
97平米,宋家庄租房,,6500,政怡家园,,6,,2室1厅
52平米,鲁谷租房,,4000,依翠园,,7,,1室1厅
92平米,临河里租房,,4500,华业东方玫瑰,,6,,2室1厅
51平米,定福庄租房,,4500,美然动力A3区,,12,,1室0厅
73平米,沙河租房,,3400,北街家园一区,,10,,2室1厅
73平米,东坝租房,,4600,东泽园,,8,,2室1厅
74平米,武夷花园租房,,3300,河畔丽景,,8,,1室1厅
42平米,果园租房,,3300,苏荷时代,,7,,1室1厅
57平米,太平桥租房,,4900,太平桥东里,,8,,2室1厅
59平米,安贞租房,,5500,小黄庄前街2号院,,6,,2室1厅
59平米,望京租房,,7300,夏都盈座,,8,,1室1厅
58平米,新街口租房,,6300,文慧园15号16公寓,,9,,1室1厅
130平米,望京租房,,15000,融科橄榄城三期,,9,,3室1厅
126平米,北苑租房,,11500,天畅园,,8,,2室1厅
99平米,西三旗租房,,5500,新康园,,97,,2室2厅
63平米,亚运村租房,,6000,安慧北里秀园,,35,,2室1厅
175平米,阎村租房,,5500,绿城百合公寓玉泉苑,,12,,5室1厅
213平米,定慧寺租房,,26000,名仕花园,,10,,4室2厅
60平米,马甸租房,,6300,双旗杆东里,,35,,2室1厅
60平米,马甸租房,,6500,裕中东里,,33,,2室1厅
62平米,黄村火车站租房,,2500,林校北里,,26,,2室1厅
101平米,高碑店租房,,7000,阿曼寓所,,24,,2室1厅
53平米,看丹桥租房,,4000,韩庄子西里,,25,,2室1厅
278平米,东大桥租房,,55000,新城国际,,9,,4室1厅
217平米,天通苑租房,,10000,天通苑东二区,,9,,3室3厅
61平米,劲松租房,,4100,农光东里,,20,,2室1厅
227平米,世纪城租房,,23500,观山园,,14,,4室2厅
113平米,顺义其它租房,,6800,东方太阳城,,10,,2室2厅
141平米,西直门租房,,23000,熙府桃园,,11,,3室1厅
80平米,九棵树(家乐福)租房,,4300,蓝调沙龙东区,,107,,2室1厅
212平米,西二旗租房,,30000,领秀硅谷,,11,,5室3厅
104平米,望京租房,,10500,上京新航线,,10,,2室2厅
124平米,霍营租房,,6100,龙锦苑东五区,,10,,3室1厅
193平米,望京租房,,27000,东湖湾二期,,13,,4室2厅
60平米,苏州桥租房,,5500,紫金庄园,,10,,2室1厅
53平米,崇文门租房,,5700,兴隆都市馨园,,31,,1室1厅
242平米,知春路租房,,29000,锦秋知春,,10,,4室1厅
181平米,南沙滩租房,,20000,风林绿洲,,8,,4室2厅
62平米,四惠租房,,6000,晨曦园,,30,,1室1厅
41平米,阜成门租房,,5500,北营房西里,,38,,1室1厅
86平米,万柳租房,,9500,光大花园,,26,,2室1厅
218平米,望京租房,,21000,华鼎世家三期,,13,,3室2厅
63平米,马连道租房,,4800,红莲晴园,,19,,1室1厅
68平米,西直门租房,,7800,长河湾,,44,,1室0厅
89平米,西红门租房,,4500,宏大中园,,45,,2室1厅
45平米,西三旗租房,,3800,SOCO公社,,59,,1房间1卫
70平米,北苑租房,,5500,中国铁建广场,,34,,3房间1卫
103平米,西四租房,,13000,宝产胡同15号院,,17,,2室2厅
75平米,广渠门租房,,7300,培新街乙5号院,,39,,2室1厅
61平米,安定门租房,,6600,上龙西里,,30,,2室1厅
124平米,霍营租房,,6100,龙锦苑东五区,,10,,3室1厅
181平米,南沙滩租房,,20000,风林绿洲,,8,,4室2厅
62平米,四惠租房,,6000,晨曦园,,30,,1室1厅
193平米,望京租房,,27000,东湖湾二期,,13,,4室2厅
60平米,苏州桥租房,,5500,紫金庄园,,10,,2室1厅
53平米,崇文门租房,,5700,兴隆都市馨园,,31,,1室1厅
242平米,知春路租房,,29000,锦秋知春,,10,,4室1厅
67平米,芍药居租房,,6650,芍药居北里,,49,,2室1厅
87平米,武夷花园租房,,3500,武夷花园牡丹园,,30,,2室1厅
92平米,工体租房,,12500,首开幸福广场,,61,,2房间1卫
43平米,圆明园租房,,5600,芙蓉里,,22,,1室1厅
99平米,双井租房,,11000,时代国际嘉园,,9,,2室1厅
80平米,马甸租房,,8500,新风街1号院,,13,,2室1厅
58平米,武夷花园租房,,3300,月亮城堡,,24,,1室0厅
62平米,马甸租房,,6000,裕中西里,,25,,2室1厅
53平米,回龙观租房,,4100,东亚上北中心,,31,,2房间1卫
196平米,紫竹桥租房,,27000,人济山庄,,9,,3室2厅
95平米,清河租房,,7200,芳清园,,45,,2室2厅
57平米,宣武门租房,,5800,椿树园,,45,,1室1厅
46平米,立水桥租房,,4300,明天第一城8号院,,45,,2房间1卫
70平米,木樨园租房,,5100,东木樨园,,39,,2室1厅
72平米,马连道租房,,8000,北欧印象,,0,,2室1厅
53平米,清河租房,,5400,毛纺厂南小区,,0,,2室1厅
88平米,陶然亭租房,,11000,中信锦园,,0,,2室1厅
85平米,北七家租房,,3700,名佳花园三区,,0,,2室1厅
60平米,清河租房,,5400,毛纺厂南小区,,0,,2室1厅
79平米,西红门租房,,4000,兴都苑,,0,,2室1厅
48平米,甘家口租房,,6500,阜南小区,,0,,2室1厅
72平米,马连道租房,,8000,北欧印象,,0,,2室1厅
53平米,清河租房,,5400,毛纺厂南小区,,0,,2室1厅
67平米,鲁谷租房,,4800,永乐东区,,0,,2室1厅
87平米,上地租房,,6500,上地南路6号院,,0,,2室1厅
75平米,定慧寺租房,,2800,定慧西里,,0,,3室1厅
87平米,北七家租房,,3700,东二旗新村,,0,,2室1厅
89平米,黄村北租房,,5800,新里.西斯莱公馆,,0,,3室1厅
66平米,看丹桥租房,,4500,新华街七里,,0,,2室1厅
113平米,世纪城租房,,11000,远大园六区,,0,,2室1厅
109平米,顺义城租房,,4000,石园北区,,0,,3室2厅
35平米,东关租房,,2500,清秀园北区,,0,,1室0厅
37平米,安宁庄租房,,4000,安宁佳园,,0,,1室0厅
89平米,东关租房,,3800,金隅嘉和园,,0,,3室1厅
144平米,紫竹桥租房,,13000,中海雅园,,0,,2室2厅
75平米,五棵松租房,,6500,今日家园,,0,,1室2厅
92平米,安宁庄租房,,5200,安宁里南区,,0,,2室2厅
88平米,长阳租房,,4000,加州水郡四期,,0,,2室1厅
90平米,长阳租房,,4200,翠林漫步,,0,,2室2厅
64平米,牛街租房,,5500,平原里小区,,0,,2室1厅
121平米,亦庄开发区其它租房,,7800,枫丹壹,,0,,3室2厅
72平米,东直门租房,,5500,新中西里,,0,,3室1厅
55平米,六里桥租房,,4200,吴家村路10号院,,0,,1室1厅
122平米,西北旺租房,,8500,中海枫涟山庄,,0,,3室1厅
90平米,苹果园租房,,4000,金福苑,,0,,2室2厅
113平米,大峪租房,,3700,峪园小区,,0,,2室1厅
63平米,亚运村租房,,6800,安慧里一区,,0,,2室1厅
101平米,北苑租房,,8000,天畅园,,0,,1室2厅
59平米,霍营租房,,4200,霍营小区,,0,,2室1厅
59平米,双井租房,,6800,苹果社区北区,,0,,1室1厅
98平米,北苑租房,,7000,北苑家园清友园,,0,,2室1厅
61平米,天宁寺租房,,4800,天宁寺前街北里,,0,,2室1厅
69平米,陶然亭租房,,4500,红土店南里,,0,,2室1厅
88平米,常营租房,,5200,保利嘉园三号院,,0,,2室1厅
58平米,马家堡租房,,4500,马家堡西里,,0,,2室1厅
95平米,长阳租房,,3500,碧波园,,0,,3室1厅
89平米,玉桥租房,,4700,合生滨江帝景一期,,0,,2室1厅
43平米,团结湖租房,,5600,水碓子西里,,0,,1室1厅
62平米,官园租房,,10500,官苑8号,,0,,1室1厅
182平米,建国门外租房,,18000,美华世纪,,0,,4室2厅
123平米,枣园租房,,5500,首邑溪谷,,0,,3室2厅
118平米,长阳租房,,3500,碧桂园小区A区,,0,,3室1厅
75平米,芍药居租房,,7200,芍药居,,0,,2室1厅
44平米,定福庄租房,,3500,定福庄西街,,0,,1室1厅
46平米,西坝河租房,,6000,光熙门北里,,0,,1室1厅
53平米,苹果园租房,,3300,金福苑,,0,,1室1厅
57平米,马驹桥租房,,2700,融科香雪兰溪,,0,,1室1厅
125平米,通州北苑租房,,6600,京贸国际公寓,,0,,3室2厅
55平米,健翔桥租房,,5200,华严北里小区,,0,,1室1厅
46平米,枣园租房,,4000,首邑溪谷,,0,,2室1厅
89平米,永定门租房,,5500,景泰西里西区,,0,,2室1厅
100平米,成寿寺租房,,8000,中海城圣朝菲,,0,,3室1厅
55平米,朝青租房,,6300,青年汇佳园,,0,,1室1厅
59平米,双井租房,,7000,苹果社区北区,,0,,1室0厅
100平米,岳各庄租房,,5300,民岳家园,,0,,2室1厅
88平米,武夷花园租房,,4000,京贸国际城东区,,0,,3室1厅
129平米,城子租房,,4300,绿岛家园,,0,,3室1厅
71平米,临河里租房,,3000,金隅七零九零,,0,,2室2厅
66平米,惠新西街租房,,6500,惠新西街甲17号院,,0,,2室1厅
121平米,黄村北租房,,5500,金地仰山,,1,,3室2厅
86平米,芍药居租房,,7000,芍药居北里,,1,,3室2厅
86平米,马坡租房,,4000,中铁花溪渡,,2,,2室2厅
91平米,武夷花园租房,,4000,京贸国际城西区,,1,,2室1厅
110平米,双井租房,,12000,天之骄子,,1,,2室2厅
49平米,玉泉营租房,,4500,万年花城四期,,1,,1室0厅
59平米,新街口租房,,6200,红联南村,,1,,2室1厅
116平米,马家堡租房,,9000,益星园,,1,,3室1厅
55平米,和平里租房,,6500,和平新城一期,,1,,1室0厅
222平米,国展租房,,20000,力鸿花园,,35,,4室2厅
141平米,惠新西街租房,,12000,罗马花园,,23,,2室2厅
99平米,双井租房,,11000,时代国际嘉园,,33,,2室1厅
395平米,CBD租房,,45000,温莎大道,,9,,4室2厅
219平米,北苑租房,,28000,时代庄园,,9,,5室3厅
62平米,双榆树租房,,6500,双榆树东里,,22,,2室1厅
137平米,北苑租房,,12600,天月园,,22,,3室2厅
280平米,团结湖租房,,26000,中海紫荆豪庭,,4,,4室2厅
251平米,枣园租房,,15000,泰中花园,,5,,5室2厅
256平米,地安门租房,,29000,京香福苑,,7,,6室2厅
179平米,万柳租房,,21000,光大花园,,26,,4室2厅
109平米,万柳租房,,14500,锋尚国际,,11,,2室2厅
85平米,玉泉营租房,,6200,万年花城四期,,10,,2室2厅
88平米,亚运村小营租房,,12500,远洋万和城A区,,11,,2室1厅
165平米,世纪城租房,,16800,远大园一区,,4,,3室1厅
103平米,欢乐谷租房,,8000,世纪东方城,,11,,2室2厅
110平米,天通苑租房,,5300,天通苑东三区,,7,,2室1厅
125平米,双井租房,,9800,百环家园,,8,,3室1厅
59平米,新华大街租房,,2800,玉带河东街385号院,,6,,2室1厅
118平米,芍药居租房,,10000,芍药居,,20,,3室1厅
75平米,清河租房,,7300,金隅美和园东区,,11,,3室1厅
200平米,西坝河租房,,24000,光熙家园三期,,10,,4室2厅
112平米,广渠门租房,,11000,水上华城,,13,,2室1厅
135平米,魏公村租房,,14500,韦伯豪家园,,12,,3室1厅
120平米,朝阳公园租房,,9000,东润枫景二期,,14,,2室2厅
122平米,中关村租房,,13000,希格玛公寓,,12,,3室2厅
76平米,双井租房,,11500,富力城D区,,11,,1室1厅
60平米,定慧寺租房,,5600,定慧北里,,9,,2室1厅
108平米,青塔租房,,6500,博龙家园,,10,,2室1厅
95平米,双井租房,,9800,苹果社区南区,,14,,2室1厅
121平米,四季青租房,,12000,美丽园,,11,,2室1厅
150平米,望京租房,,18500,东湖湾二期,,15,,2室2厅
137平米,亦庄租房,,7000,卡尔公寓,,30,,3室2厅
275平米,官园租房,,42000,西派国际公寓,,8,,4室2厅
71平米,清河租房,,8500,橡树湾,,62,,2室1厅
111平米,鲁谷租房,,8300,远洋山水,,19,,2室2厅
177平米,万柳租房,,21000,涧桥泊屋,,37,,3室2厅
58平米,崇文门租房,,6600,新景家园东区,,12,,1室1厅
133平米,望京租房,,19000,东湖湾三期,,17,,3室2厅
160平米,临河里租房,,6500,华远铭悦,,8,,4室2厅
138平米,太阳宫租房,,22000,太阳公元,,15,,3室2厅
55平米,马甸租房,,6800,金澳国际,,23,,2房间1卫
179平米,广渠门租房,,17500,冠城名敦道,,7,,3室1厅
87平米,菜户营租房,,5200,万润风景,,14,,2室1厅
179平米,望京租房,,24000,大西洋新城F区,,7,,4室2厅
143平米,望京租房,,15000,上京新航线,,5,,3室1厅
92平米,鼓楼大街租房,,4500,金隅万科城,,13,,2室1厅
114平米,果园租房,,4500,蓝山国际公寓,,14,,2室1厅
88平米,四季青租房,,7300,金雅园,,10,,2室2厅
135平米,魏公村租房,,14500,韦伯豪家园,,12,,3室1厅
120平米,朝阳公园租房,,9000,东润枫景二期,,14,,2室2厅
122平米,中关村租房,,13000,希格玛公寓,,12,,3室2厅
76平米,双井租房,,11500,富力城D区,,11,,1室1厅
60平米,定慧寺租房,,5600,定慧北里,,9,,2室1厅
108平米,青塔租房,,6500,博龙家园,,10,,2室1厅
95平米,双井租房,,9800,苹果社区南区,,14,,2室1厅
121平米,四季青租房,,12000,美丽园,,11,,2室1厅
150平米,望京租房,,18500,东湖湾二期,,15,,2室2厅
134平米,高碑店租房,,10000,阿曼寓所,,17,,3室2厅
89平米,四惠租房,,6500,通惠家园,,18,,2室1厅
131平米,亚运村租房,,12000,九台2000家园,,10,,3室1厅
71平米,清河租房,,8500,橡树湾,,62,,2室1厅
111平米,鲁谷租房,,8300,远洋山水,,19,,2室2厅
138平米,太阳宫租房,,22000,太阳公元,,15,,3室2厅
55平米,马甸租房,,6800,金澳国际,,23,,2房间1卫
179平米,广渠门租房,,17500,冠城名敦道,,7,,3室1厅
87平米,菜户营租房,,5200,万润风景,,14,,2室1厅
141平米,知春路租房,,16000,太阳园,,12,,3室1厅
131平米,朝阳公园租房,,19000,观湖国际,,14,,3室2厅
143平米,亦庄租房,,7500,新康家园,,12,,3室1厅
135平米,公主坟租房,,14000,颐源居一期,,16,,3室1厅
100平米,玉泉营租房,,6400,万年花城一期,,10,,2室1厅
102平米,十里堡租房,,8500,东恒时代三期,,12,,2室1厅
94平米,万柳租房,,12000,锋尚国际,,12,,2室1厅
42平米,枣园租房,,3500,首邑溪谷,,17,,2室1厅
103平米,顺义城租房,,3600,西辛北区,,13,,3室1厅
192平米,三元桥租房,,20000,UHN国际村,,15,,3室2厅
85平米,石佛营租房,,7000,东岸,,58,,3房间1卫
152平米,朝阳公园租房,,23000,泛海国际碧海园,,15,,2室2厅
65平米,望京租房,,7500,鹿港嘉苑,,8,,1室1厅
120平米,四惠租房,,9500,远洋天地二期,,17,,2室1厅
160平米,临河里租房,,6500,华远铭悦,,8,,4室2厅
62平米,苹果园租房,,4700,西井小区二区,,17,,3室1厅
69平米,北苑租房,,6000,安外北苑2号院,,23,,2室1厅
135平米,魏公村租房,,14500,韦伯豪家园,,12,,3室1厅
120平米,朝阳公园租房,,9000,东润枫景二期,,14,,2室2厅
122平米,中关村租房,,13000,希格玛公寓,,12,,3室2厅
76平米,双井租房,,11500,富力城D区,,11,,1室1厅
60平米,定慧寺租房,,5600,定慧北里,,9,,2室1厅
108平米,青塔租房,,6500,博龙家园,,10,,2室1厅
95平米,双井租房,,9800,苹果社区南区,,14,,2室1厅
121平米,四季青租房,,12000,美丽园,,11,,2室1厅
150平米,望京租房,,18500,东湖湾二期,,15,,2室2厅
94平米,广安门租房,,10500,红山世家,,12,,2室1厅
103平米,顺义城租房,,3600,西辛北区,,13,,3室1厅
64平米,新街口租房,,7000,志强南园,,13,,2室1厅
54平米,马连道租房,,5100,红莲中里,,14,,2室1厅
120平米,旧宫租房,,5000,芳源里,,11,,3室2厅
175平米,豆各庄租房,,12000,京城雅居,,5,,3室2厅
143平米,朝阳公园租房,,20000,泛海国际碧海园,,18,,2室2厅
63平米,紫竹桥租房,,6000,紫竹院南路20号院,,11,,2室1厅
138平米,四惠租房,,12500,远洋天地二期,,14,,3室1厅
67平米,鲁谷租房,,5500,远洋山水,,14,,2室1厅
130平米,北苑租房,,12000,天畅园,,9,,3室1厅
131平米,望京租房,,10000,绿荫芳邻,,10,,2室2厅
57平米,五棵松租房,,5500,金沟河5号院,,19,,2室1厅
60平米,玉泉营租房,,3800,新村二里,,12,,2室1厅
76平米,常营租房,,5500,富力阳光美园,,14,,2室1厅
120平米,旧宫租房,,5000,芳源里,,11,,3室2厅
175平米,豆各庄租房,,12000,京城雅居,,5,,3室2厅
143平米,朝阳公园租房,,20000,泛海国际碧海园,,18,,2室2厅
63平米,紫竹桥租房,,6000,紫竹院南路20号院,,11,,2室1厅
138平米,四惠租房,,12500,远洋天地二期,,14,,3室1厅
67平米,鲁谷租房,,5500,远洋山水,,14,,2室1厅
130平米,北苑租房,,12000,天畅园,,9,,3室1厅
131平米,望京租房,,10000,绿荫芳邻,,10,,2室2厅
88平米,岳各庄租房,,5200,丰体时代花园,,9,,2室1厅
118平米,天通苑租房,,6000,天通苑北二区,,14,,2室2厅
30平米,红庙租房,,4700,红庙北里,,13,,1室1厅
57平米,五棵松租房,,5500,金沟河5号院,,19,,2室1厅
60平米,玉泉营租房,,3800,新村二里,,12,,2室1厅
76平米,常营租房,,5500,富力阳光美园,,14,,2室1厅
87平米,长阳租房,,3200,加州水郡三期,,9,,2室1厅
126平米,武夷花园租房,,6000,运河湾,,7,,3室1厅
39平米,三元桥租房,,4900,曙光西里,,16,,1室1厅
71平米,七里庄租房,,5300,望园东里,,10,,2室1厅
96平米,果园租房,,4400,翠屏北里西区,,11,,2室1厅
53平米,城子租房,,2500,城子二斜井,,17,,2室1厅
89平米,六铺炕租房,,10000,富宏馨居,,36,,2室2厅
77平米,立水桥租房,,5700,东辰小区,,15,,3室1厅
39平米,永定门租房,,3800,郭庄北里,,14,,1室1厅
84平米,临河里租房,,4000,方恒东景,,12,,2室1厅
91平米,新华大街租房,,4600,鼎晟国际,,11,,2室1厅
98平米,双井租房,,9700,CBD总部公寓二期,,17,,2室1厅
87平米,大望路租房,,8500,CBD传奇,,18,,2室2厅
97平米,武夷花园租房,,3700,河畔丽景,,12,,2室1厅
99平米,清河租房,,7500,清缘里中区,,13,,3室1厅
57平米,东大桥租房,,12000,世界城,,43,,1房间1卫
68平米,北大地租房,,4300,东安街头条1号院,,15,,2室1厅
50平米,永定门租房,,3900,定安里,,17,,2室1厅
93平米,管庄租房,,5600,柏林爱乐二期,,14,,2室1厅
89平米,门头沟其它租房,,4500,梧桐苑知秋园,,15,,3室1厅
148平米,工体租房,,18500,海晟名苑,,13,,3室1厅
42平米,安贞租房,,5300,安贞西里,,24,,1室1厅
97平米,武夷花园租房,,3700,河畔丽景,,12,,2室1厅
110平米,亦庄租房,,7000,星岛假日,,14,,2室2厅
77平米,芍药居租房,,7700,芍药居甲2号院,,27,,2室1厅
138平米,红庙租房,,19000,华贸国际公寓,,15,,2室1厅
119平米,奥林匹克公园租房,,12000,澳林春天二期,,23,,3室2厅
57平米,六里桥租房,,5200,六里桥7号院,,16,,2室1厅
112平米,奥林匹克公园租房,,9000,澳林春天五期,,11,,2室1厅
108平米,朝青租房,,9200,珠江罗马嘉园西区,,11,,2室1厅
92平米,紫竹桥租房,,8300,北洼西里53号,,17,,3室1厅
119平米,酒仙桥租房,,11000,星城国际,,15,,2室1厅
155平米,望京租房,,15000,蓝色家族,,2,,3室1厅
123平米,鼓楼大街租房,,6700,金隅万科城,,3,,3室1厅
116平米,潞苑租房,,4700,东亚逸品阁,,2,,3室2厅
70平米,双榆树租房,,7000,双榆树西里,,3,,3室1厅
85平米,亚运村小营租房,,7800,育慧里二区,,1,,3室1厅
69平米,阜成门租房,,8000,展览路,,1,,3室1厅
183平米,双井租房,,13000,九龙花园,,1,,3室2厅
123平米,万柳租房,,17000,康桥水郡,,1,,3室1厅
116平米,潞苑租房,,4000,新潮嘉园三期,,2,,4室1厅
62平米,滨河西区租房,,3000,门头沟月季园,,2,,2室1厅
62平米,三里屯租房,,7200,白家庄北里,,1,,2室1厅
109平米,惠新西街租房,,10000,千鹤家园,,3,,1室2厅
138平米,成寿寺租房,,9000,中海城香克林,,3,,3室1厅
228平米,西二旗租房,,32000,领秀新硅谷2号院,,0,,4室2厅
195平米,豆各庄租房,,10000,富力又一城A区,,0,,4室2厅
43平米,公主坟租房,,4800,翠微南里,,3,,1室1厅
56平米,蒲黄榆租房,,5000,蒲黄榆三里,,3,,2室1厅
110平米,甜水园租房,,8200,延静东里,,2,,3室1厅
117平米,北苑租房,,11000,亚奥金茂悦,,3,,3室2厅
104平米,亦庄租房,,6500,郁金香舍,,1,,2室1厅
82平米,崇文门租房,,8300,新景家园东区,,3,,2室1厅
156平米,四季青租房,,14000,美丽园,,5,,3室1厅
89平米,良乡租房,,2400,蝶翠苑,,4,,2室1厅
108平米,亚运村小营租房,,9500,凯旋城,,3,,2室2厅
70平米,双榆树租房,,7000,双榆树西里,,3,,3室1厅
85平米,亚运村小营租房,,7800,育慧里二区,,1,,3室1厅
155平米,望京租房,,15000,蓝色家族,,2,,3室1厅
123平米,鼓楼大街租房,,6700,金隅万科城,,3,,3室1厅
116平米,潞苑租房,,4700,东亚逸品阁,,2,,3室2厅
97平米,东关租房,,3500,东关二条,,2,,3室1厅
113平米,世纪城租房,,11000,远大园六区,,1,,2室1厅
64平米,酒仙桥租房,,5700,酒仙桥一街坊,,4,,2室1厅
193平米,苏州桥租房,,19800,西屋国际,,3,,3室2厅
114平米,亚运村租房,,10000,保利金泉,,4,,2室1厅
154平米,岳各庄租房,,12000,西府兰庭,,4,,3室2厅
148平米,菜户营租房,,12000,鹏润家园,,1,,2室2厅
57平米,鲁谷租房,,4800,远洋山水,,2,,1室1厅
126平米,良乡租房,,3500,伟业嘉园西里,,0,,3室2厅
92平米,青塔租房,,5100,兆丰园,,2,,2室2厅
118平米,天通苑租房,,5300,都市芳园丽湖园,,5,,3室1厅
65平米,农展馆租房,,8000,枣营北里,,1,,2室1厅
89平米,黄村北租房,,6600,保利茉莉公馆,,3,,3室1厅
114平米,旧宫租房,,5500,云龙家园,,3,,3室1厅
54平米,红庙租房,,6600,人民日报社家属区,,1,,2室1厅
77平米,东直门租房,,8500,东中街,,4,,3室1厅
72平米,农展馆租房,,6800,朝阳公园西里南区,,4,,2室1厅
87平米,石佛营租房,,7200,八里庄北里小区,,2,,3室1厅
67平米,五道口租房,,8300,中关村北二条,,4,,3室1厅
109平米,亦庄租房,,8000,金地格林小镇,,3,,2室1厅
58平米,和平里租房,,6500,砖角楼南里,,3,,2室1厅
89平米,滨河西区租房,,4000,含晖苑,,2,,2室1厅
107平米,大红门租房,,7500,远洋自然,,2,,2室1厅
77平米,马甸租房,,7500,新风街,,5,,3室1厅
45平米,安定门租房,,6500,青年湖东里,,3,,2室1厅
99平米,回龙观租房,,5200,龙兴园北区,,3,,3室2厅
76平米,奥林匹克公园租房,,6800,澳林春天一期,,4,,2室1厅
96平米,良乡租房,,2500,西潞园四里,,2,,3室1厅
162平米,天通苑租房,,7500,天通苑中苑,,1,,3室2厅
80平米,回龙观租房,,5200,龙博苑三区,,1,,2室1厅
105平米,四惠租房,,9500,东恒时代一期,,4,,2室1厅
131平米,四季青租房,,13800,汤泉逸墅,,4,,2室2厅
91平米,苏州桥租房,,8500,小南庄怡秀园,,2,,3室1厅
138平米,北苑租房,,8500,北苑家园清友园,,1,,3室1厅
146平米,工体租房,,20000,海晟名苑,,2,,3室1厅
117平米,玉泉营租房,,7400,三环新城7号院,,5,,3室1厅
138平米,马连道租房,,9800,康宁居,,2,,3室2厅
120平米,世纪城租房,,11000,怡丽南园,,3,,3室2厅
161平米,大望路租房,,16500,珠江帝景,,4,,3室1厅
90平米,海淀北部新区租房,,4500,保利西山林语,,1,,2室1厅
157平米,北苑租房,,15000,上元君庭,,1,,3室1厅
84平米,鼓楼大街租房,,4200,邑上苑,,3,,2室2厅
83平米,良乡租房,,2300,东关家园,,2,,2室2厅
86平米,管庄租房,,5200,馨岛苑,,2,,2室1厅
150平米,万柳租房,,15000,光大花园,,2,,3室2厅
167平米,欢乐谷租房,,14500,北京华侨城2号院,,1,,3室1厅
80平米,新街口租房,,11500,新街口西里三区,,3,,3室1厅
160平米,亚运村租房,,15000,天创世缘,,3,,3室1厅
53平米,安贞租房,,6200,安华里一区,,3,,2室1厅
153平米,朝青租房,,14500,逸翠园,,2,,3室2厅
185平米,武夷花园租房,,8500,BOBO自由城,,3,,3室3厅
90平米,中关村租房,,7800,航天社区,,3,,3室1厅
58平米,四惠租房,,4600,八里庄西里,,2,,2室1厅
54平米,知春路租房,,6700,罗庄南里,,5,,2室1厅
170平米,亦庄开发区其它租房,,8500,中信新城西区,,3,,3室1厅
66平米,鲁谷租房,,5000,依翠园,,2,,2室1厅
137平米,双井租房,,9500,双花园南里一区,,1,,4室2厅
84平米,安贞租房,,8200,安华里一区,,2,,3室1厅
124平米,玉泉营租房,,8500,万年花城二期,,1,,3室1厅
116平米,太阳宫租房,,18000,冠城大通澜石,,5,,3室1厅
100平米,望京租房,,8500,丽港美度,,5,,2室2厅
167平米,四季青租房,,16000,观澜国际,,3,,3室1厅
117平米,奥林匹克公园租房,,15000,世茂奥临花园,,4,,2室2厅
64平米,芍药居租房,,6500,芍药居北里,,3,,1室1厅
64平米,公主坟租房,,6000,翠微中里,,5,,2室1厅
88平米,豆各庄租房,,4700,富力又一城C区,,4,,2室1厅
115平米,长阳租房,,3800,加州水郡三期,,4,,3室2厅
109平米,西红门租房,,4800,瑞海家园二区,,1,,2室1厅
70平米,鲁谷租房,,4200,重兴嘉园,,4,,1室1厅
80平米,公主坟租房,,7000,翠微南里,,3,,2室1厅
90平米,刘家窑租房,,5500,一栋苑,,1,,2室1厅
37平米,月坛租房,,5300,三里河南二巷,,1,,1室1厅
120平米,安定门租房,,12500,上龙西里,,5,,2室2厅
82平米,旧宫租房,,4500,清逸园,,1,,3室1厅
48平米,鲁谷租房,,4200,永乐东区,,5,,2室1厅
136平米,亦庄租房,,8000,郁金香舍,,3,,3室2厅
103平米,顺义其它租房,,5000,东方太阳城,,3,,3室1厅
59平米,蒲黄榆租房,,5300,蒲安西里,,2,,2室1厅
109平米,黄村北租房,,6300,顺驰领海,,4,,3室1厅
40平米,潘家园租房,,4200,潘家园小区,,3,,1室1厅
89平米,回龙观租房,,5800,领秀慧谷C区,,4,,2室1厅
83平米,观音寺租房,,3100,观音寺小区,,1,,3室1厅
115平米,亚运村租房,,10000,九台2000家园,,3,,2室2厅
189平米,朝阳公园租房,,25000,观湖国际,,3,,3室2厅
82平米,旧宫租房,,4500,清逸园,,1,,3室1厅
120平米,安定门租房,,12500,上龙西里,,5,,2室2厅
124平米,玉泉营租房,,8500,万年花城二期,,1,,3室1厅
116平米,太阳宫租房,,18000,冠城大通澜石,,5,,3室1厅
100平米,望京租房,,8500,丽港美度,,5,,2室2厅
153平米,朝青租房,,14500,逸翠园,,2,,3室2厅
48平米,鲁谷租房,,4200,永乐东区,,5,,2室1厅
167平米,四季青租房,,16000,观澜国际,,3,,3室1厅
117平米,奥林匹克公园租房,,15000,世茂奥临花园,,4,,2室2厅
64平米,芍药居租房,,6500,芍药居北里,,3,,1室1厅
64平米,公主坟租房,,6000,翠微中里,,5,,2室1厅
88平米,豆各庄租房,,4700,富力又一城C区,,4,,2室1厅
115平米,长阳租房,,3800,加州水郡三期,,4,,3室2厅
109平米,西红门租房,,4800,瑞海家园二区,,1,,2室1厅
70平米,鲁谷租房,,4200,重兴嘉园,,4,,1室1厅
80平米,公主坟租房,,7000,翠微南里,,3,,2室1厅
90平米,刘家窑租房,,5500,一栋苑,,1,,2室1厅
125平米,北苑租房,,9600,天畅园,,2,,2室2厅
65平米,西红门租房,,3900,宏盛家园,,3,,1室1厅
145平米,北苑租房,,15000,山水蓝维,,2,,3室2厅
88平米,长阳租房,,3500,首创新悦都,,1,,3室1厅
83平米,观音寺租房,,3100,观音寺小区,,1,,3室1厅
115平米,亚运村租房,,10000,九台2000家园,,3,,2室2厅
60平米,望京租房,,6500,望京西园二区,,4,,1室1厅
83平米,枣园租房,,3600,康盛园,,5,,2室1厅
168平米,五棵松租房,,22000,紫金长安,,6,,3室2厅
64平米,双榆树租房,,7000,双榆树北里,,5,,2室1厅
106平米,北苑租房,,9000,天居园,,6,,2室1厅
56平米,芍药居租房,,7500,高原街4号院,,3,,3室1厅
74平米,月坛租房,,8800,三里河北街3号院,,4,,2室2厅
85平米,西三旗租房,,5800,龙乡东区,,4,,3室1厅
194平米,太阳宫租房,,26000,丰和园,,4,,3室2厅
67平米,七里庄租房,,5000,望园东里,,3,,2室1厅
128平米,马坡租房,,4500,中铁花溪渡,,3,,3室1厅
127平米,玉泉营租房,,7900,万年花城三期,,4,,3室2厅
135平米,玉泉营租房,,8500,万年花城三期,,6,,3室2厅
74平米,潞苑租房,,3000,华龙小区,,4,,2室1厅
99平米,朝青租房,,8800,珠江罗马嘉园西区,,5,,2室1厅
49平米,南沙滩租房,,4200,龙欣苑小区,,4,,1室1厅
64平米,劲松租房,,6400,武圣西里,,3,,2室1厅
71平米,苹果园租房,,4800,海特花园小区,,3,,2室1厅
95平米,陶然亭租房,,12500,中信锦园,,3,,2室1厅
84平米,滨河西区租房,,3500,绮霞苑,,5,,2室1厅
91平米,天通苑租房,,4700,天通苑东二区,,3,,2室1厅
94平米,厂洼租房,,8300,厂洼西街10号院,,5,,2室2厅
104平米,双井租房,,11500,合生国际花园,,2,,2室1厅
92平米,六里桥租房,,7000,华尔街观典,,3,,2室1厅
64平米,燕莎租房,,6000,三源里北小街,,6,,2室1厅
101平米,洋桥租房,,8300,首座绿洲,,4,,3室1厅
112平米,新华大街租房,,4200,天桥湾,,4,,4室1厅
287平米,东大桥租房,,53000,新城国际,,3,,4室2厅
287平米,东大桥租房,,53000,新城国际,,3,,4室2厅
242平米,奥林匹克公园租房,,30000,国奥村,,3,,4室2厅
179平米,望京租房,,21000,大西洋新城D区,,2,,4室1厅
129平米,阎村租房,,3300,绿城百合公寓栖霞苑,,4,,3室2厅
175平米,红庙租房,,30000,禧瑞都,,2,,3室1厅
141平米,望京租房,,20000,大西洋新城G区,,2,,3室2厅
240平米,亚运村租房,,30000,润枫德尚苑,,1,,4室2厅
122平米,和平里租房,,11000,和平新城一期,,18,,2室1厅
175平米,世纪城租房,,18000,晴波园,,5,,4室2厅
254平米,沙河租房,,14000,北街家园三区,,1,,3室3厅
165平米,黄村北租房,,12000,金地仰山,,4,,3室2厅
76平米,六里桥租房,,5200,吴家村路10号院,,16,,2室1厅
187平米,双井租房,,25000,富力城B区,,3,,4室2厅
60平米,万柳租房,,8500,碧水云天,,17,,1室1厅
239平米,工体租房,,40000,海晟名苑,,1,,4室1厅
164平米,豆各庄租房,,8000,富力又一城A区,,4,,3室1厅
118平米,苏州桥租房,,13500,大河庄苑,,18,,2室1厅
146平米,万柳租房,,18000,碧水云天,,11,,3室1厅
156平米,万柳租房,,19000,涧桥泊屋,,18,,3室2厅
119平米,刘家窑租房,,9000,嘉业大厦,,15,,2室1厅
283平米,世纪城租房,,45000,鲁艺上河村三区,,3,,5室2厅
217平米,朝青租房,,28000,逸翠园,,3,,4室2厅
122平米,鲁谷租房,,10000,远洋山水,,16,,3室2厅
117平米,天通苑租房,,6000,天通苑北三区,,18,,4室2厅
213平米,奥林匹克公园租房,,23000,上林世家,,1,,4室2厅
126平米,鲁谷租房,,12000,远洋山水,,20,,3室1厅
85平米,岳各庄租房,,5800,大成时代中心,,15,,1室1厅
192平米,后沙峪租房,,18000,香花畦家园,,16,,4室2厅
99平米,黄村中租房,,6500,清澄名苑北区,,20,,2室1厅
286平米,亚运村租房,,25000,加利大厦,,6,,5室1厅
149平米,双井租房,,13000,九龙花园,,15,,3室1厅
239平米,工体租房,,40000,海晟名苑,,1,,4室1厅
164平米,豆各庄租房,,8000,富力又一城A区,,4,,3室1厅
60平米,万柳租房,,8500,碧水云天,,17,,1室1厅
118平米,苏州桥租房,,13500,大河庄苑,,18,,2室1厅
146平米,万柳租房,,18000,碧水云天,,11,,3室1厅
119平米,刘家窑租房,,9000,嘉业大厦,,15,,2室1厅
283平米,世纪城租房,,45000,鲁艺上河村三区,,3,,5室2厅
165平米,黄村北租房,,12000,金地仰山,,4,,3室2厅
140平米,大望路租房,,20000,乐成公馆,,19,,2室1厅
105平米,西红门租房,,4300,宏大北园,,14,,2室1厅
172平米,北七家租房,,7000,美树假日嘉园,,2,,3室2厅
160平米,朝青租房,,12000,银谷美泉家园,,18,,3室2厅
216平米,朝阳其它租房,,8000,柏阳景园,,5,,3室1厅
71平米,木樨园租房,,5600,定安西里,,5,,2室1厅
77平米,回龙观租房,,4500,云趣园二区,,7,,2室1厅
154平米,望京租房,,14000,宝星国际二期,,7,,3室1厅
62平米,苏州桥租房,,8500,稻香园,,5,,2室1厅
48平米,新街口租房,,5300,志强南园,,8,,2室1厅
69平米,枣园租房,,3500,泰中花园,,5,,1室1厅
68平米,双榆树租房,,9500,知春路82号院,,10,,2室1厅
46平米,霍营租房,,3800,紫金新干线二期,,8,,1室0厅
41平米,宋家庄租房,,4500,芳泽园,,6,,1室0厅
46平米,木樨园租房,,4000,南三环中路65号,,5,,1室1厅
39平米,天宁寺租房,,4200,天宁寺前街南里,,9,,1室1厅
40平米,和平里租房,,5300,和平里五区,,5,,1室1厅
61平米,北京南站租房,,4800,开阳里一街,,10,,2室1厅
46平米,东大桥租房,,5300,核桃园北里,,5,,2室1厅
59平米,建国门内租房,,6000,赵堂子胡同,,5,,2室1厅
72平米,西坝河租房,,7000,西坝河北里,,6,,2室1厅
105平米,燕莎租房,,13000,嘉和丽园,,8,,2室1厅
71平米,顺义城租房,,2600,石园北区,,9,,2室1厅
51平米,甘家口租房,,6300,三里河路5号院,,7,,2室1厅
70平米,黄村北租房,,3700,金惠园三里,,7,,2室1厅
55平米,北太平庄租房,,6600,花园路5号院,,6,,2室1厅
56平米,长椿街租房,,5800,长椿街,,5,,1室1厅
83平米,十里堡租房,,9000,爱这城一期,,9,,2室1厅
51平米,皂君庙租房,,6800,天作国际中心,,13,,1室0厅
88平米,鲁谷租房,,4900,碣石坪,,8,,2室1厅
41平米,苏州桥租房,,5400,小南庄社区,,8,,1室1厅
60平米,望京租房,,8500,大西洋新城D区,,5,,1室1厅
64平米,青塔租房,,5000,青塔东里,,10,,2室1厅
89平米,望京租房,,13000,东湖湾二期,,8,,2室1厅
62平米,鲁谷租房,,4200,重聚园,,6,,1室1厅
48平米,工体租房,,8200,海晟国际公寓,,6,,1室0厅
56平米,五棵松租房,,5000,太平路34号院,,6,,2室1厅
67平米,木樨园租房,,4800,东木樨园,,6,,2室1厅
46平米,六里桥租房,,5300,风荷曲苑,,5,,1室0厅
59平米,中关村租房,,7200,航天社区,,8,,2室1厅
57平米,双井租房,,5800,百环家园,,8,,1室1厅
97平米,四惠租房,,9000,东恒时代一期,,10,,2室1厅
98平米,马家堡租房,,7000,瑞丽江畔,,6,,2室1厅
67平米,杨庄租房,,4500,御景山,,7,,2室1厅
66平米,马甸租房,,8000,鼓楼外大街,,6,,2室1厅
57平米,万寿路租房,,6350,万寿路甲6号院,,5,,2室1厅
57平米,百子湾租房,,5500,沿海赛洛城,,9,,1室1厅
80平米,武夷花园租房,,3600,河畔丽景,,5,,2室1厅
60平米,枣园租房,,3100,滨河西里,,15,,2室1厅
53平米,长椿街租房,,5500,善果胡同2号院,,11,,2室1厅
64平米,梨园租房,,3300,时尚街区西区,,7,,1室1厅
53平米,长椿街租房,,5500,善果胡同2号院,,11,,2室1厅
91平米,西红门租房,,5300,鸿坤理想城礼域府,,8,,2室1厅
84平米,鼓楼大街租房,,4500,金隅万科城,,7,,2室1厅
61平米,西红门租房,,3600,兴海家园星苑,,8,,1室1厅
145平米,岳各庄租房,,13000,西府兰庭,,5,,3室1厅
63平米,东直门租房,,6500,草园胡同,,8,,2室1厅
57平米,马甸租房,,6500,双旗杆东里,,10,,2室1厅
77平米,魏公村租房,,8500,魏公村8号院,,8,,2室1厅
75平米,枣园租房,,3200,滨河西里,,12,,2室1厅
52平米,玉桥租房,,2800,玉桥东里,,11,,1室1厅
37平米,广安门租房,,4250,荣丰2008,,8,,1室0厅
87平米,南邵租房,,3800,路劲世界城一期,,8,,2室1厅
66平米,西红门租房,,4200,鸿坤理想城礼域府,,11,,1室1厅
62平米,劲松租房,,5100,劲松南路,,5,,2室1厅
71平米,科技园区租房,,5100,怡海花园富润园,,6,,1室1厅
56平米,惠新西街租房,,5500,惠新里小区,,5,,2室1厅
29平米,北京南站租房,,3600,世纪金色嘉园,,17,,1室0厅
71平米,科技园区租房,,5000,怡锦园,,5,,1室1厅
34平米,科技园区租房,,3400,设计师广场,,13,,1室0厅
116平米,三元桥租房,,13000,UHN国际村,,7,,2室1厅
97平米,高碑店租房,,7500,兴隆家园,,7,,2室1厅
74平米,亚运村小营租房,,7500,嘉铭桐城F区,,7,,2室1厅
58平米,长阳租房,,2600,加州水郡三期,,8,,1室1厅
106平米,中央别墅区租房,,5500,天恒花园,,6,,2室1厅
50平米,方庄租房,,5380,10AM新坐标,,6,,1室1厅
60平米,劲松租房,,4700,农光东里,,6,,2室1厅
72平米,圆明园租房,,8700,芙蓉里,,5,,2室1厅
60平米,菜户营租房,,5000,金泰城丽湾,,8,,1室1厅
43平米,劲松租房,,4200,农光南路,,10,,1室1厅
49平米,玉泉路租房,,5000,复兴路46号院,,7,,1室1厅
93平米,潞苑租房,,3600,珠江拉维小镇,,12,,2室1厅
63平米,广渠门租房,,6000,金桥国际,,7,,1室1厅
64平米,定福庄租房,,5000,妇联小区,,11,,2室1厅
69平米,长椿街租房,,6800,锦上国际公寓,,8,,1室1厅
123平米,望京租房,,11000,宝星园一区,,9,,3室2厅
27平米,广安门租房,,2900,荣丰2008,,17,,1室1厅
98平米,酒仙桥租房,,9500,晶都国际,,7,,2室1厅
86平米,科技园区租房,,5700,富锦嘉园一区,,11,,2室1厅
95平米,三里屯租房,,16000,华源之星,,16,,2室1厅
44平米,酒仙桥租房,,6500,瞰都国际,,8,,1室1厅
61平米,知春路租房,,8000,锦秋知春,,8,,1室1厅
46平米,方庄租房,,5300,gogo新世代,,8,,1室1厅
64平米,广渠门租房,,6000,金世纪嘉园,,4,,1室0厅
70平米,六里桥租房,,6000,六里桥7号院,,2,,2室1厅
69平米,清河租房,,5000,水木天成,,3,,2室1厅
88平米,长阳租房,,3500,长阳半岛1号院,,1,,2室1厅
53平米,滨河西区租房,,2800,新桥南大街,,4,,2室1厅
60平米,顺义城租房,,2800,仓上小区,,5,,1室1厅
43平米,六铺炕租房,,5500,鼓楼西大街,,3,,1室1厅
62平米,鲁谷租房,,4500,永乐西区,,3,,2室1厅
37平米,南沙滩租房,,4600,北沙滩6号院,,2,,1室1厅
51平米,华威桥租房,,5800,美景东方,,3,,1室0厅
52平米,清河租房,,4500,砂轮厂宿舍,,5,,2室1厅
147平米,亚运村租房,,16500,保利金泉,,1,,3室1厅
86平米,太平桥租房,,6900,金唐国际,,2,,2室1厅
89平米,朝阳门内租房,,9000,东水井胡同,,1,,3室1厅
45平米,牛街租房,,5000,似海怡家,,2,,1室1厅
68平米,苹果园租房,,4200,苹果园小区三区,,2,,2室1厅
34平米,广渠门租房,,4500,绿景苑,,2,,1室0厅
74平米,科技园区租房,,4200,富丰路8号院,,1,,2室2厅
160平米,马甸租房,,23000,华尊大厦,,1,,2室1厅
83平米,菜户营租房,,6000,顺驰蓝调,,4,,2室1厅
90平米,霍营租房,,5200,华龙苑北里,,1,,2室2厅
83平米,临河里租房,,4600,海棠湾二期,,2,,2室1厅
150平米,海淀北部新区租房,,7200,正源尚峰尚水,,1,,3室2厅
62平米,马连道租房,,6490,格调,,5,,1室1厅
47平米,太平桥租房,,4200,太平桥东里,,1,,1室1厅
64平米,广渠门租房,,6000,金世纪嘉园,,4,,1室0厅
70平米,六里桥租房,,6000,六里桥7号院,,2,,2室1厅
69平米,清河租房,,5000,水木天成,,3,,2室1厅
88平米,长阳租房,,3500,长阳半岛1号院,,1,,2室1厅
53平米,滨河西区租房,,2800,新桥南大街,,4,,2室1厅
60平米,顺义城租房,,2800,仓上小区,,5,,1室1厅
43平米,六铺炕租房,,5500,鼓楼西大街,,3,,1室1厅
62平米,鲁谷租房,,4500,永乐西区,,3,,2室1厅
37平米,南沙滩租房,,4600,北沙滩6号院,,2,,1室1厅
51平米,华威桥租房,,5800,美景东方,,3,,1室0厅
52平米,清河租房,,4500,砂轮厂宿舍,,5,,2室1厅
147平米,亚运村租房,,16500,保利金泉,,1,,3室1厅
86平米,太平桥租房,,6900,金唐国际,,2,,2室1厅
46平米,广安门租房,,4000,车站西街17号院,,2,,1室1厅
79平米,后沙峪租房,,4800,万科城市花园,,4,,2室1厅
59平米,七里庄租房,,4200,东大街西里,,1,,2室1厅
106平米,甘家口租房,,13500,增光佳苑,,4,,2室1厅
130平米,豆各庄租房,,6000,富力又一城A区,,2,,3室1厅
47平米,东花市租房,,4700,东花市北里中区,,1,,1室1厅
58平米,世纪城租房,,8000,远大园四区,,2,,2室1厅
91平米,九棵树(家乐福)租房,,3900,阿尔法社区二期,,2,,2室1厅
48平米,劲松租房,,5200,农光里,,1,,1室1厅
46平米,苹果园租房,,2800,青年公寓,,1,,1室0厅
57平米,芍药居租房,,6200,芍药居甲2号院,,5,,1室1厅
64平米,五里店租房,,3500,程庄路3号院,,1,,2室1厅
90平米,枣园租房,,5500,彩虹新城,,1,,2室1厅
160平米,马甸租房,,23000,华尊大厦,,1,,2室1厅
83平米,菜户营租房,,6000,顺驰蓝调,,4,,2室1厅
90平米,霍营租房,,5200,华龙苑北里,,1,,2室2厅
83平米,临河里租房,,4600,海棠湾二期,,2,,2室1厅
150平米,海淀北部新区租房,,7200,正源尚峰尚水,,1,,3室2厅
81平米,北工大租房,,4500,平乐园小区,,2,,3室1厅
39平米,中关村租房,,5600,东南小区,,5,,1室1厅
96平米,回龙观租房,,5500,风雅园一区,,3,,2室1厅
138平米,万柳租房,,16500,锋尚国际,,1,,3室1厅
58平米,西直门租房,,6800,德宝新园,,1,,2室1厅
56平米,新华大街租房,,3500,官园胡同1号院,,5,,2室1厅
44平米,木樨园租房,,3900,远中悦麒,,2,,1室0厅
78平米,石佛营租房,,7300,晨光家园,,4,,2室1厅
62平米,马连道租房,,6490,格调,,5,,1室1厅
47平米,太平桥租房,,4200,太平桥东里,,1,,1室1厅
37平米,新街口租房,,5100,五月华庭,,5,,1室0厅
41平米,菜户营租房,,3900,考拉社区,,3,,1室0厅
89平米,岳各庄租房,,5600,西府景园,,1,,3室1厅
91平米,九棵树(家乐福)租房,,3900,阿尔法社区二期,,2,,2室1厅
48平米,劲松租房,,5200,农光里,,1,,1室1厅
46平米,苹果园租房,,2800,青年公寓,,1,,1室0厅
60平米,五棵松租房,,4200,永金里小区,,1,,2室1厅
50平米,定慧寺租房,,5500,定慧北里,,1,,1室1厅
41平米,西坝河租房,,4500,西坝河西里,,2,,1室1厅
46平米,广安门租房,,4000,车站西街17号院,,2,,1室1厅
60平米,新华大街租房,,3600,北京光学仪器厂家属院,,1,,2室1厅
91平米,回龙观租房,,5000,三合庄园,,2,,2室1厅
42平米,定福庄租房,,3600,定福庄西街,,1,,1室1厅
94平米,石佛营租房,,12000,公园1872,,1,,1室1厅
42平米,望京租房,,5800,望京路3号院,,5,,1室1厅
77平米,科技园区租房,,4600,天龙华鹤,,5,,2室1厅
118平米,万柳租房,,12500,涧桥泊屋,,4,,2室1厅
74平米,马甸租房,,8500,新明胡同,,3,,2室1厅
37平米,新街口租房,,5100,五月华庭,,5,,1室0厅
41平米,菜户营租房,,3900,考拉社区,,3,,1室0厅
56平米,工体租房,,8700,杰座大厦,,3,,1室1厅
46平米,南沙滩租房,,5200,中天国际,,1,,1室0厅
64平米,西直门租房,,8200,金晖嘉园,,2,,1室1厅
48平米,西四租房,,6500,爱民里小区,,5,,1室1厅
57平米,新街口租房,,6600,文慧园路甲1号,,2,,2室1厅
98平米,世纪城租房,,8500,晨月园,,1,,2室1厅
55平米,望京租房,,7000,金隅丽港城,,1,,1室1厅
53平米,新街口租房,,6500,德胜门西大街甲5号,,2,,2室1厅
145平米,朝阳公园租房,,20000,泛海国际香海园,,4,,2室2厅
95平米,豆各庄租房,,4600,富力又一城A区,,4,,2室1厅
82平米,苏州桥租房,,7800,紫金庄园,,4,,2室1厅
57平米,蒲黄榆租房,,5100,蒲安西里,,1,,2室1厅
68平米,百子湾租房,,6200,美利山,,1,,1室1厅
61平米,垡头租房,,4000,金蝉北里21号院,,1,,2室1厅
58平米,西二旗租房,,4500,铭科苑,,3,,1室1厅
39平米,阜成门租房,,3600,扣钟北里,,2,,1室1厅
78平米,北苑租房,,6500,安外北苑2号院,,2,,3室0厅
65平米,牛街租房,,7500,枫桦豪景二期,,1,,1室1厅
50平米,公主坟租房,,6500,翠微北里,,2,,2室1厅
67平米,卢沟桥租房,,3300,晓月苑三里,,2,,2室1厅
62平米,玉泉路租房,,5600,复兴路46号院,,2,,2室1厅
45平米,魏公村租房,,6800,私摩空间,,4,,1室0厅
69平米,右安门内租房,,8000,华龙美钰,,2,,2室1厅
94平米,亦庄租房,,7500,林肯公园,,2,,2室1厅
44平米,西坝河租房,,5800,光熙门北里,,5,,1室1厅
82平米,滨河西区租房,,3300,永兴小区,,6,,2室1厅
67平米,卢沟桥租房,,3300,晓月苑三里,,2,,2室1厅
42平米,甜水园租房,,5000,马道口,,3,,1室1厅
36平米,蒲黄榆租房,,4000,定安东里,,4,,1室1厅
44平米,安定门租房,,5500,上龙西里,,3,,1室1厅
41平米,东关租房,,2500,清秀园北区,,2,,1室0厅
133平米,东大桥租房,,24000,新城国际,,2,,2室1厅
55平米,科技园区租房,,4700,天龙华鹤,,3,,2室1厅
85平米,南邵租房,,3700,路劲世界城二期,,2,,2室1厅
62平米,甘家口租房,,6500,甘家口小区,,2,,2室1厅
93平米,宣武门租房,,12500,四合上院,,2,,2室1厅
93平米,奥林匹克公园租房,,6300,世纪龙祥嘉园,,5,,2室1厅
82平米,崇文门租房,,8000,国瑞城中区,,2,,2室1厅
43平米,鼓楼大街租房,,2100,北环里小区,,2,,1室0厅
88平米,长阳租房,,4000,原香小镇二区,,3,,2室1厅
60平米,方庄租房,,5800,芳群园三区,,1,,2室1厅
60平米,芍药居租房,,6200,芍药居北里,,2,,2室1厅
43平米,和平里租房,,5500,和平里三区,,4,,1室1厅
62平米,酒仙桥租房,,7500,飘HOME,,4,,1室1厅
61平米,天坛租房,,6500,金鱼池西区,,4,,2室1厅
46平米,北工大租房,,4000,平乐园小区,,5,,1室1厅
43平米,马甸租房,,5200,裕中东里,,3,,1室1厅
67平米,望京租房,,7000,北纬40度二期,,4,,1室1厅
65平米,双井租房,,8500,合生国际花园,,6,,1室1厅
51平米,潘家园租房,,5300,松榆西里,,3,,2室1厅
65平米,华威桥租房,,4800,南新园,,3,,2室1厅
51平米,成寿寺租房,,4600,四方景园二区,,3,,1室1厅
94平米,亦庄租房,,7500,林肯公园,,2,,2室1厅
36平米,蒲黄榆租房,,4000,定安东里,,4,,1室1厅
62平米,玉泉路租房,,5600,复兴路46号院,,2,,2室1厅
42平米,甜水园租房,,5000,马道口,,3,,1室1厅
71平米,朝阳门内租房,,9000,豆瓣胡同,,3,,2室1厅
69平米,右安门内租房,,8000,华龙美钰,,2,,2室1厅
98平米,黄村中租房,,2900,双河北里,,4,,2室2厅
53平米,西三旗租房,,4300,育新花园,,8,,1室1厅
125平米,马家堡租房,,8700,枫竹苑二区,,5,,3室2厅
65平米,双井租房,,8500,合生国际花园,,6,,1室1厅
44平米,西坝河租房,,5800,光熙门北里,,5,,1室1厅
70平米,果园租房,,4000,新华联家园北区,,8,,1室1厅
42平米,果园租房,,3200,新华联家园北区,,6,,1室0厅
45平米,魏公村租房,,6800,私摩空间,,4,,1室0厅
86平米,东大桥租房,,14000,北京财富中心,,5,,1室1厅
47平米,方庄租房,,4600,芳城园三区,,5,,1室1厅
56平米,科技园区租房,,4200,天下儒寓,,6,,1室1厅
51平米,潘家园租房,,5300,松榆西里,,3,,2室1厅
67平米,望京租房,,7000,北纬40度二期,,4,,1室1厅
65平米,华威桥租房,,4800,南新园,,3,,2室1厅
61平米,陶然亭租房,,7500,中海紫御公馆,,3,,2室1厅
34平米,南沙滩租房,,4600,懿品阁,,3,,1室0厅
60平米,鼓楼大街租房,,2500,北城根小区,,16,,1室1厅
89平米,鼓楼大街租房,,5500,金隅万科城,,5,,3室1厅
336平米,世纪城租房,,45000,鲁艺上河村二区,,4,,4室2厅
198平米,世纪城租房,,25000,远大园四区,,2,,4室2厅
86平米,公主坟租房,,7600,翠微路平台村,,5,,3室1厅
92平米,临河里租房,,4600,海棠湾二期,,24,,2室1厅
86平米,木樨地租房,,13000,北滨河路2号院,,7,,3室1厅
39平米,双榆树租房,,5600,双榆树北里,,22,,1室1厅
39平米,双榆树租房,,5600,双榆树北里,,22,,1室1厅
181平米,亦庄租房,,12000,金色漫香林二期,,1,,4室1厅
216平米,望京租房,,22000,华鼎世家一期,,4,,3室2厅
109平米,五道口租房,,13000,水清木华园,,30,,2室1厅
58平米,和平里租房,,6300,兴化西里,,28,,2室1厅
131平米,东直门租房,,12000,东直门内北小街2号院,,18,,2室1厅
114平米,望京租房,,11500,朝庭公寓,,17,,2室1厅
62平米,朝阳门外租房,,6600,吉庆里小区,,22,,1室1厅
55平米,清河租房,,4500,宝盛里,,23,,1室1厅
79平米,新华大街租房,,3500,中仓小区,,5,,3室1厅
41平米,劲松租房,,3800,农光南路,,19,,1室1厅
81平米,西二旗租房,,7500,领秀新硅谷2号院,,63,,2室2厅
114平米,酒仙桥租房,,9800,风景线,,20,,2室1厅
45平米,酒仙桥租房,,5300,梵谷水郡,,17,,1室0厅
42平米,苏州桥租房,,5200,小南庄社区,,20,,1室1厅
188平米,天通苑租房,,14000,天通苑北一区,,28,,4室2厅
106平米,北苑租房,,8500,上元君庭,,54,,2室1厅
68平米,西直门租房,,7200,时代之光名苑,,19,,1室1厅
73平米,亚运村租房,,6800,慧忠北里第一社区,,18,,2室1厅
42平米,安定门租房,,4500,上龙西里,,19,,1室1厅
43平米,月坛租房,,7000,月坛北小街,,7,,1室1厅
26平米,白纸坊租房,,3300,白纸坊胡同,,18,,1室0厅
69平米,清河租房,,5000,宝盛里,,43,,2室1厅
95平米,金融街租房,,19000,西城晶华,,24,,2室1厅
65平米,鲁谷租房,,4500,五芳园,,41,,2室1厅
76平米,安定门租房,,8900,湖景苑,,27,,2室1厅
218平米,北七家租房,,12980,美树假日嘉园,,1,,5室2厅
55平米,二里庄租房,,6300,二里庄小区,,18,,2室1厅
51平米,天宁寺租房,,6500,白菜湾社区,,20,,3室1厅
57平米,西直门租房,,6300,西直门北大街43号院,,20,,2室1厅
54平米,鲁谷租房,,4800,远洋山水,,20,,1室0厅
43平米,月坛租房,,7000,月坛北小街,,7,,1室1厅
89平米,亚运村小营租房,,12000,远洋万和城B区,,22,,2室1厅
55平米,上地租房,,4900,马连洼1号院,,18,,1室1厅
95平米,金融街租房,,19000,西城晶华,,24,,2室1厅
69平米,清河租房,,5000,宝盛里,,43,,2室1厅
65平米,鲁谷租房,,4500,五芳园,,41,,2室1厅
76平米,安定门租房,,8900,湖景苑,,27,,2室1厅
218平米,北七家租房,,12980,美树假日嘉园,,1,,5室2厅
55平米,二里庄租房,,6300,二里庄小区,,18,,2室1厅
51平米,天宁寺租房,,6500,白菜湾社区,,20,,3室1厅
57平米,西直门租房,,6300,西直门北大街43号院,,20,,2室1厅
78平米,安定门租房,,7500,青年湖北里,,17,,2室1厅
96平米,成寿寺租房,,7600,中海城香克林,,15,,2室2厅
57平米,五道口租房,,7000,展春园,,21,,2室1厅
77平米,马甸租房,,8800,裕中西里,,15,,3室1厅
65平米,广渠门租房,,5600,金世纪嘉园,,19,,1室1厅
63平米,果园租房,,3600,苏荷时代,,20,,1室1厅
44平米,安贞租房,,4900,安华里五区,,19,,1室1厅
80平米,朝阳门内租房,,8600,仓南胡同,,18,,2室1厅
64平米,刘家窑租房,,4500,同仁园,,21,,2室1厅
54平米,酒仙桥租房,,4500,酒仙桥三街坊,,15,,2室1厅
72平米,立水桥租房,,5500,合立方,,18,,2室1厅
69平米,奥林匹克公园租房,,5500,裕瑞轩,,16,,1室1厅
50平米,通州北苑租房,,3100,铁路宿舍,,19,,2室1厅
95平米,东关租房,,4000,北京风景,,0,,2室2厅
51平米,甘家口租房,,6500,三里河路5号院,,38,,2室1厅
144平米,上地租房,,12000,上第MOMA,,0,,3室2厅
92平米,紫竹桥租房,,8500,气象西苑,,0,,2室1厅
102平米,北苑租房,,6300,北苑家园清友园,,0,,2室1厅
158平米,东直门租房,,23000,万国城MOMA,,0,,3室2厅
96平米,南口租房,,2600,玉龙嘉苑,,0,,2室1厅
49平米,中关村租房,,8300,科育小区,,0,,2室1厅
121平米,潞苑租房,,4000,珠江国际城八区,,0,,2室1厅
91平米,芍药居租房,,8500,芍药居北里,,0,,3室2厅
95平米,东关租房,,4000,北京风景,,0,,2室2厅
100平米,良乡租房,,2400,太平庄西里1号院,,0,,2室1厅
151平米,北苑租房,,12000,天乐园,,0,,3室2厅
118平米,草桥租房,,8500,未来上层,,0,,3室1厅
198平米,朝阳公园租房,,32000,泛海国际碧海园,,0,,3室2厅
94平米,旧宫租房,,4500,巧克力城,,15,,2室1厅
88平米,长阳租房,,3600,原香小镇一区,,0,,2室2厅
53平米,劲松租房,,5000,广和东里,,0,,2室1厅
177平米,潘家园租房,,16500,濠景阁,,0,,3室1厅
63平米,劲松租房,,6500,劲松一区,,0,,3室1厅
89平米,五里店租房,,4500,丰卉家园,,0,,2室1厅
56平米,潘家园租房,,4800,潘家园南里,,0,,2室1厅
54平米,团结湖租房,,6300,六里屯西里,,0,,2室1厅
104平米,北苑租房,,6800,天怡家园,,0,,2室1厅
140平米,东关租房,,5000,金地家园,,0,,3室2厅
104平米,良乡租房,,3500,行宫园四里,,0,,4室1厅
91平米,大红门租房,,5500,上海建筑,,1,,2室2厅
87平米,阜成门租房,,9300,北营房东里,,1,,2室1厅
84平米,阎村租房,,2800,绿城百合公寓秋月苑,,1,,2室1厅
84平米,芍药居租房,,7800,世捷座,,1,,2室1厅
61平米,武夷花园租房,,4000,月亮城堡,,5,,1室1厅
57平米,上地租房,,4500,马连洼1号院,,8,,2室1厅
56平米,定福庄租房,,4600,天泰苑A8区,,6,,1室1厅
54平米,学院路租房,,5500,逸成东苑,,6,,1室1厅
37平米,金融街租房,,7500,鲍家街,,6,,1室1厅
63平米,官园租房,,8500,冠英园小区,,6,,2室1厅
88平米,回龙观租房,,5300,龙锦苑二区,,5,,2室1厅
51平米,亦庄租房,,3000,贵园南里甲区,,6,,1室1厅
76平米,金融街租房,,14500,西城晶华,,6,,1室1厅
58平米,苹果园租房,,2600,广宁村,,6,,1室1厅
94平米,奥林匹克公园租房,,6000,世纪龙祥嘉园,,6,,2室1厅
71平米,方庄租房,,6000,芳群园四区,,7,,2室1厅
30平米,后沙峪租房,,2600,蓝星花园,,8,,1室0厅
48平米,方庄租房,,4500,芳星园三区,,8,,1室1厅
54平米,通州北苑租房,,3200,长城国际,,7,,1室0厅
32平米,马家堡租房,,3800,三星庄园,,9,,1室0厅
150平米,西二旗租房,,11000,领秀新硅谷2号院,,13,,3室1厅
134平米,大山子租房,,11000,银枫家园,,22,,3室2厅
130平米,科技园区租房,,8000,天下儒寓,,17,,2室1厅
182平米,广安门租房,,12000,恒昌花园,,18,,3室2厅
140平米,后沙峪租房,,9500,香花畦家园,,11,,3室2厅
163平米,望京租房,,20000,东湖湾三期,,14,,3室1厅
152平米,亚运村小营租房,,17000,融华世家,,11,,3室2厅
75平米,木樨地租房,,9300,北滨河路2号院,,9,,3室1厅
141平米,回龙观租房,,7500,龙腾苑六区,,9,,3室1厅
78平米,公主坟租房,,7800,翠微路26号院,,15,,3室1厅
186平米,阎村租房,,3500,绿城百合公寓叠翠苑,,0,,4室2厅
91平米,定慧寺租房,,6800,亮甲店小区,,16,,3室1厅
328平米,亦庄租房,,35000,远洋天著一期,,0,,6室3厅
152平米,北苑租房,,15000,拂林园,,17,,3室2厅
70平米,苹果园租房,,4800,海特花园小区,,12,,2室1厅
159平米,四季青租房,,18000,汤泉逸墅,,12,,3室2厅
114平米,果园租房,,4000,蓝山国际公寓,,10,,2室2厅
123平米,枣园租房,,6000,首邑上城,,12,,3室1厅
116平米,崇文门租房,,10500,新景家园西区,,14,,2室1厅
152平米,亚运村小营租房,,17000,融华世家,,11,,3室2厅
75平米,木樨地租房,,9300,北滨河路2号院,,9,,3室1厅
141平米,回龙观租房,,7500,龙腾苑六区,,9,,3室1厅
78平米,公主坟租房,,7800,翠微路26号院,,15,,3室1厅
148平米,万柳租房,,16000,碧水云天,,6,,3室2厅
106平米,西三旗租房,,6300,上奥世纪中心,,9,,2室1厅
139平米,黄村中租房,,6500,清澄名苑北区,,1,,3室1厅
98平米,望京租房,,13500,国风上观,,2,,2室1厅
79平米,广安门租房,,7500,红居南街,,10,,3室1厅
186平米,阎村租房,,3500,绿城百合公寓叠翠苑,,0,,4室2厅
166平米,长阳租房,,5800,碧桂园小区A区,,0,,5室2厅
128平米,花乡租房,,6000,银地家园,,12,,3室1厅
139平米,北苑租房,,15000,天月园,,1,,3室1厅
163平米,世纪城租房,,20000,晴雪园,,2,,3室2厅
56平米,双井租房,,12500,首城国际,,21,,3房间2卫
93平米,东关租房,,4700,金隅观澜时代,,14,,2室2厅
91平米,定慧寺租房,,6800,亮甲店小区,,16,,3室1厅
328平米,亦庄租房,,35000,远洋天著一期,,0,,6室3厅
118平米,酒仙桥租房,,10000,燕莎后,,12,,2室2厅
149平米,陶然亭租房,,18000,耕天下,,16,,3室2厅
313平米,CBD租房,,34000,温莎大道,,17,,3室1厅
77平米,万寿路租房,,7700,朱各庄10号院,,13,,3室1厅
70平米,苹果园租房,,4800,海特花园小区,,12,,2室1厅
159平米,四季青租房,,18000,汤泉逸墅,,12,,3室2厅
114平米,果园租房,,4000,蓝山国际公寓,,10,,2室2厅
123平米,枣园租房,,6000,首邑上城,,12,,3室1厅
116平米,崇文门租房,,10500,新景家园西区,,14,,2室1厅
82平米,中关村租房,,9600,黄庄小区,,11,,3室1厅
140平米,武夷花园租房,,6800,京贸国际城西区,,10,,3室1厅
49平米,西关环岛租房,,2400,蓝郡国际花园,,48,,1室1厅
146平米,枣园租房,,6000,骏城,,0,,4室2厅
143平米,双井租房,,16000,苹果社区南区,,14,,3室1厅
236平米,望京租房,,25000,中广宜景湾,,0,,4室2厅
87平米,潞苑租房,,3200,澜花语岸,,9,,2室1厅
114平米,大红门租房,,9300,上海建筑,,13,,3室2厅
148平米,万柳租房,,16000,碧水云天,,6,,3室2厅
106平米,西三旗租房,,6300,上奥世纪中心,,9,,2室1厅
139平米,黄村中租房,,6500,清澄名苑北区,,1,,3室1厅
98平米,望京租房,,13500,国风上观,,2,,2室1厅
79平米,广安门租房,,7500,红居南街,,10,,3室1厅
166平米,长阳租房,,5800,碧桂园小区A区,,0,,5室2厅
128平米,花乡租房,,6000,银地家园,,12,,3室1厅
139平米,北苑租房,,15000,天月园,,1,,3室1厅
163平米,世纪城租房,,20000,晴雪园,,2,,3室2厅
56平米,双井租房,,12500,首城国际,,21,,3房间2卫
93平米,东关租房,,4700,金隅观澜时代,,14,,2室2厅
60平米,万柳租房,,8500,碧水云天,,3,,3室1厅
128平米,亦庄租房,,6900,新康家园,,11,,3室1厅
90平米,海淀北部新区租房,,4200,保利西山林语,,5,,2室1厅
65平米,月坛租房,,8800,阜成门南大街,,5,,3室1厅
332平米,九棵树(家乐福)租房,,16000,旗舰凯旋二三期,,8,,5室2厅
41平米,五道口租房,,6000,西王庄小区,,24,,1室1厅
124平米,枣园租房,,7000,中建国际港,,22,,3室2厅
53平米,十里堡租房,,6000,八里庄南里,,16,,2室1厅
57平米,军博租房,,4800,北蜂窝中路2号院,,12,,2室1厅
107平米,太阳宫租房,,13500,火星园,,11,,2室2厅
66平米,新华大街租房,,2600,中仓小区,,12,,2室1厅
141平米,万柳租房,,20000,碧水云天,,25,,3室1厅
129平米,亦庄租房,,7000,郁金香舍,,10,,3室1厅
78平米,中关村租房,,10500,东南小区,,16,,3室1厅
58平米,武夷花园租房,,3200,月亮城堡,,29,,1室0厅
141平米,万柳租房,,20000,碧水云天,,25,,3室1厅
129平米,亦庄租房,,7000,郁金香舍,,10,,3室1厅
78平米,中关村租房,,10500,东南小区,,16,,3室1厅
136平米,万柳租房,,20000,万泉新新家园,,21,,3室2厅
57平米,惠新西街租房,,5800,胜古家园,,14,,1室1厅
88平米,武夷花园租房,,3400,武夷花园牡丹园,,11,,2室1厅
136平米,北苑租房,,11500,天乐园,,12,,3室2厅
78平米,上地租房,,6000,上地南路6号院,,14,,2室1厅
139平米,豆各庄租房,,7200,富力又一城A区,,14,,3室2厅
106平米,双井租房,,11000,时代国际嘉园,,11,,2室1厅
106平米,安宁庄租房,,6900,水利局一处宿舍,,7,,3室1厅
112平米,和平里租房,,11800,和平新城一期,,10,,2室1厅
94平米,海淀北部新区租房,,5500,保利西山林语,,12,,2室1厅
147平米,垡头租房,,11000,格林莱雅,,10,,3室2厅
178平米,CBD租房,,22000,SOHO现代城,,10,,3室1厅
135平米,科技园区租房,,7500,恒富花园2号院,,14,,3室2厅
212平米,紫竹桥租房,,20000,紫竹花园,,11,,3室1厅
95平米,菜户营租房,,6000,嘉莲苑,,9,,2室1厅
158平米,CBD租房,,24000,温莎大道,,12,,2室1厅
88平米,双桥租房,,5000,东一时区,,15,,2室1厅
69平米,牡丹园租房,,7200,牛奶宿舍,,9,,2室1厅
156平米,上地租房,,12000,上地西里,,19,,3室2厅
41平米,五道口租房,,6000,西王庄小区,,24,,1室1厅
96平米,果园租房,,3300,艺苑西里,,11,,2室1厅
126平米,苏州桥租房,,18000,远中悦莱,,17,,2室1厅
46平米,北工大租房,,4300,平乐园小区,,12,,1室1厅
142平米,北苑租房,,10000,华贸城,,15,,3室2厅
50平米,月坛租房,,7200,三里河东路甲14号院,,14,,2室1厅
34平米,苏州桥租房,,10000,立方庭,,23,,2房间1卫
113平米,黄村北租房,,5700,郁花园一里,,10,,3室2厅
84平米,临河里租房,,4700,海棠湾二期,,10,,2室1厅
53平米,十里堡租房,,6000,八里庄南里,,16,,2室1厅
57平米,军博租房,,4800,北蜂窝中路2号院,,12,,2室1厅
107平米,太阳宫租房,,13500,火星园,,11,,2室2厅
152平米,九棵树(家乐福)租房,,7800,瑞都国际南区,,9,,3室2厅
53平米,潘家园租房,,5200,潘家园小区,,13,,2室1厅
42平米,宣武门租房,,6500,庄胜二期,,39,,1室0厅
76平米,厂洼租房,,7700,厂洼街17号院,,18,,2室1厅
39平米,望京租房,,6200,东亚望京中心,,19,,1房间1卫
117平米,清河租房,,9500,橡树湾,,17,,3室2厅
86平米,亦庄开发区其它租房,,5500,中信新城东区,,11,,3室1厅
58平米,灯市口租房,,8500,北河沿大街,,38,,2室1厅
85平米,卢沟桥租房,,4300,沸城,,9,,2室1厅
171平米,东大桥租房,,31000,新城国际,,14,,3室1厅
169平米,亚运村小营租房,,17000,融华世家,,13,,3室1厅
65平米,东关租房,,2600,水关新村,,12,,2室1厅
108平米,黄村北租房,,5800,金惠园三里,,6,,3室1厅
126平米,奥林匹克公园租房,,9500,澳林春天二期,,5,,2室2厅
54平米,杨庄租房,,5800,茂华景上景,,48,,2房间2卫
97平米,天通苑租房,,8300,天通苑北三区,,12,,3室1厅
86平米,苏州桥租房,,8500,小南庄怡秀园,,15,,2室1厅
43平米,苏州桥租房,,11000,立方庭,,11,,2房间2卫
31平米,定福庄租房,,4600,卡夫卡公社,,11,,2房间1卫
39平米,良乡租房,,2600,旭辉E天地,,6,,2房间1卫
130平米,右安门内租房,,10000,万博苑,,11,,3室1厅
57平米,北苑租房,,4500,中国铁建广场,,18,,3房间1卫
34平米,立水桥租房,,3900,明天第一城7号院,,16,,1房间1卫
67平米,北苑租房,,5100,美立方,,14,,2房间1卫
190平米,良乡租房,,5000,瑞雪春堂,,0,,4室1厅
82平米,清河租房,,6500,信息学院家属楼,,0,,3室0厅
54平米,海淀北部新区租房,,3600,温泉教师楼,,0,,2室1厅
107平米,崇文门租房,,12000,太华公寓,,0,,1室1厅
62平米,马连道租房,,5000,马连道东街,,0,,2室1厅
68平米,陶然亭租房,,3500,红土店南里,,0,,2室1厅
31平米,田村租房,,4500,兰德华庭,,0,,1室0厅
52平米,良乡租房,,2100,一万米家园,,0,,2室1厅
145平米,东关租房,,4300,昌盛园一区,,0,,3室2厅
94平米,回龙观租房,,4600,万润家园,,0,,2室1厅
55平米,亚运村租房,,5500,安苑北里,,0,,2室1厅
58平米,亚运村租房,,6500,慧忠里,,0,,2室1厅
65平米,菜户营租房,,6500,鸭子桥路,,0,,3室1厅
61平米,双榆树租房,,7200,知春里,,0,,2室1厅
83平米,六里桥租房,,6600,莲馨嘉园,,0,,2室1厅
100平米,九棵树(家乐福)租房,,4500,蓝调沙龙西区,,0,,2室1厅
41平米,五道口租房,,5500,西王庄小区,,0,,1室1厅
49平米,公主坟租房,,5500,翠微路4号,,0,,2室1厅
67平米,良乡租房,,2500,佳世苑小区,,0,,1室1厅
54平米,西关环岛租房,,2500,琥珀郡,,0,,1房间1卫
69平米,黄村中租房,,2900,兴政东里,,0,,2室1厅
48平米,马连洼租房,,4200,菊园,,0,,1室1厅
93平米,旧宫租房,,4700,大城小镇,,0,,2室2厅
41平米,芍药居租房,,6200,隆远阁,,0,,1室0厅
48平米,广安门租房,,5200,远见国际公寓,,0,,1室0厅
44平米,立水桥租房,,4500,奥北南区,,4,,1房间1卫
56平米,苏州桥租房,,4500,小南庄社区,,0,,2室1厅
41平米,公主坟租房,,3700,万寿路26号院,,0,,1室1厅
51平米,广渠门租房,,5600,水上华城,,0,,1室0厅
54平米,石佛营租房,,4000,十里堡北区,,0,,1室1厅
48平米,南沙滩租房,,4600,南沙滩小区,,0,,1室1厅
48平米,广安门租房,,5200,远见国际公寓,,0,,1室0厅
69平米,朝阳门外租房,,8800,东大桥路,,0,,2室1厅
69平米,万寿路租房,,7200,万寿路甲15号院五区,,0,,2室1厅
54平米,永定门租房,,4300,景泰西里,,0,,2室1厅
55平米,良乡租房,,2300,建设巷小区,,0,,2室1厅
41平米,五道口租房,,5500,西王庄小区,,0,,1室1厅
47平米,望京租房,,7800,东湖湾三期,,0,,1室0厅
56平米,苏州桥租房,,4500,小南庄社区,,0,,2室1厅
41平米,公主坟租房,,3700,万寿路26号院,,0,,1室1厅
51平米,广渠门租房,,5600,水上华城,,0,,1室0厅
54平米,石佛营租房,,4000,十里堡北区,,0,,1室1厅
48平米,南沙滩租房,,4600,南沙滩小区,,0,,1室1厅
116平米,良乡租房,,3200,月华新村,,0,,3室1厅
177平米,亚运村小营租房,,15000,世纪宝鼎,,0,,3室1厅
41平米,芍药居租房,,6200,隆远阁,,0,,1室0厅
45平米,立水桥租房,,4200,明天第一城8号院,,4,,1房间1卫
99平米,岳各庄租房,,5000,民岳家园,,0,,2室1厅
50平米,工体租房,,6000,春秀路,,0,,1室1厅
102平米,方庄租房,,11000,日月天地,,0,,1室1厅
55平米,广安门租房,,4700,车站西街17号院,,0,,2室1厅
159平米,朝青租房,,17500,润枫水尚,,0,,3室2厅
94平米,北关租房,,3300,翠福园,,0,,2室1厅
66平米,广渠门租房,,5500,金世纪嘉园,,0,,1室1厅
85平米,天宫院租房,,4000,龙湖时代天街,,2,,2室1厅
71平米,甘家口租房,,8600,建设部大院,,3,,3室1厅
60平米,立水桥租房,,5000,润枫欣尚,,1,,2房间1卫
33平米,木樨地租房,,5500,白云观,,0,,1室1厅
115平米,奥林匹克公园租房,,10000,京师园,,0,,3室1厅
44平米,北苑租房,,5200,天居园,,0,,1室0厅
57平米,广渠门租房,,6000,广渠门外南街,,0,,2室1厅
75平米,乔庄租房,,3500,乔庄北街279号院,,0,,2室1厅
66平米,草桥租房,,4600,玺萌鹏苑,,0,,1室1厅
85平米,东关租房,,3600,昌盛园三区,,0,,2室1厅
57平米,天坛租房,,6300,金鱼池中区,,1,,2室1厅
76平米,通州其它租房,,3300,东亚印象台湖,,1,,3室1厅
36平米,亦庄租房,,3100,荣京丽都,,5,,1房间1卫
76平米,北苑租房,,6800,上元君庭,,1,,1室1厅
61平米,西坝河租房,,6500,光熙门北里,,2,,2室1厅
72平米,立水桥租房,,5700,明天第一城8号院,,6,,2房间1卫
156平米,万柳租房,,20000,碧水云天,,14,,3室1厅
59平米,六铺炕租房,,5500,鼓楼西大街,,32,,2室1厅
53平米,劲松租房,,4800,劲松二区,,24,,2室1厅
63平米,惠新西街租房,,6800,惠新西街甲17号院,,16,,2室1厅
100平米,知春路租房,,12000,太阳园,,7,,2室1厅
174平米,西红门租房,,5000,金荣园,,6,,3室2厅
88平米,甘露园租房,,6700,都市经典家园,,8,,2室1厅
63平米,五道口租房,,6500,东王庄,,13,,2室1厅
59平米,芍药居租房,,7000,隆远阁,,42,,1室1厅
158平米,十里堡租房,,14000,爱这城二期,,8,,3室2厅
50平米,酒仙桥租房,,5200,驼房营南里,,14,,2室1厅
86平米,四惠租房,,6600,通惠家园,,11,,2室1厅
44平米,苹果园租房,,3000,青年公寓,,14,,1室0厅
125平米,酒仙桥租房,,10500,梵谷水郡,,7,,3室2厅
97平米,马连道租房,,6700,太平里,,7,,2室2厅
41平米,广渠门租房,,5200,幸福南里,,10,,2室0厅
186平米,东大桥租房,,34000,新城国际,,6,,3室1厅
85平米,新街口租房,,8000,新外大街31号院,,9,,2室1厅
110平米,北七家租房,,4100,桃花苑,,4,,3室2厅
81平米,广安门租房,,7100,广安门小区,,9,,2室1厅
180平米,四季青租房,,16500,曙光花园,,10,,3室2厅
125平米,酒仙桥租房,,10500,梵谷水郡,,7,,3室2厅
97平米,马连道租房,,6700,太平里,,7,,2室2厅
41平米,广渠门租房,,5200,幸福南里,,10,,2室0厅
186平米,东大桥租房,,34000,新城国际,,6,,3室1厅
85平米,新街口租房,,8000,新外大街31号院,,9,,2室1厅
68平米,南沙滩租房,,5800,南沙滩小区,,12,,1室1厅
136平米,北苑租房,,12500,万科星园,,9,,3室1厅
67平米,农展馆租房,,12000,海悦名门,,9,,1室1厅
99平米,梨园租房,,3500,绣江南,,9,,2室2厅
88平米,玉泉营租房,,7300,万年花城五期,,6,,3室1厅
100平米,欢乐谷租房,,8500,北京华侨城2号院,,8,,2室1厅
118平米,苏州桥租房,,14000,大河庄苑,,5,,2室1厅
57平米,安定门租房,,6700,安外东河沿,,7,,2室1厅
50平米,广安门租房,,5200,广安门外大街,,38,,2室1厅
94平米,顺义其它租房,,4600,中建国际城,,8,,3室1厅
72平米,通州北苑租房,,3900,通典铭居,,17,,1室0厅
121平米,大山子租房,,8200,北窑地,,5,,3室2厅
189平米,三元桥租房,,27000,凤凰城三期,,7,,3室2厅
53平米,木樨地租房,,6900,西便门西里,,10,,2室1厅
56平米,青塔租房,,4300,建邦枫景,,10,,1室1厅
58平米,万柳租房,,8100,碧水云天,,42,,1室1厅
63平米,右安门内租房,,5500,右安门内西街甲10号院,,21,,2室1厅
47平米,朝青租房,,9200,青年工社,,55,,3房间1卫
56平米,右安门内租房,,5300,右安门内西街甲10号院,,5,,2室2厅
85平米,马甸租房,,8600,裕中西里,,11,,3室1厅
59平米,酒仙桥租房,,5300,酒仙桥十二街坊,,15,,2室1厅
134平米,马坡租房,,4200,鲁能7号院颐景溪园,,9,,3室2厅
140平米,望京租房,,15000,里外里公寓,,9,,2室1厅
65平米,工体租房,,7300,新东路,,6,,1室2厅
133平米,石佛营租房,,13000,东岸,,10,,3室2厅
90平米,海淀北部新区租房,,5100,保利西山林语,,14,,2室1厅
93平米,马连道租房,,6800,建茗苑,,8,,3室1厅
77平米,观音寺租房,,2900,观音寺小区,,11,,2室1厅
79平米,果园租房,,5500,巴克寓所,,6,,3室1厅
101平米,亚运村小营租房,,8600,紫薇天悦,,7,,2室1厅
153平米,朝青租房,,18000,逸翠园,,10,,3室2厅
57平米,芍药居租房,,6800,芍药居2号院,,18,,2室1厅
77平米,丽泽租房,,6600,保利百合,,7,,2室2厅
115平米,亚运村租房,,11500,保利金泉,,9,,2室1厅
62平米,西四租房,,6800,三不老胡同,,14,,2室1厅
57平米,双井租房,,7200,时代国际嘉园,,10,,1室0厅
86平米,亦庄租房,,6000,上海沙龙,,11,,2室1厅
92平米,学院路租房,,8500,富润家园,,15,,2室1厅
78平米,皂君庙租房,,7500,皂君东里,,9,,3室1厅
107平米,学院路租房,,9000,清枫华景园,,9,,2室1厅
54平米,和平里租房,,6000,和平里七区,,13,,2室1厅
68平米,金融街租房,,11000,丽华苑,,27,,1室1厅
60平米,马甸租房,,6600,裕中西里,,9,,2室1厅
116平米,亚运村租房,,11600,保利金泉,,8,,2室1厅
104平米,太平桥租房,,7000,首科花园,,8,,2室1厅
94平米,梨园租房,,4300,新通国际花园,,12,,2室1厅
104平米,亦庄租房,,6500,博客雅居,,6,,3室1厅
63平米,惠新西街租房,,6800,惠新西街甲17号院,,16,,2室1厅
53平米,劲松租房,,4800,劲松二区,,24,,2室1厅
174平米,西红门租房,,5000,金荣园,,6,,3室2厅
88平米,甘露园租房,,6700,都市经典家园,,8,,2室1厅
63平米,五道口租房,,6500,东王庄,,13,,2室1厅
158平米,十里堡租房,,14000,爱这城二期,,8,,3室2厅
50平米,酒仙桥租房,,5200,驼房营南里,,14,,2室1厅
86平米,四惠租房,,6600,通惠家园,,11,,2室1厅
189平米,三元桥租房,,27000,凤凰城三期,,7,,3室2厅
53平米,木樨地租房,,6900,西便门西里,,10,,2室1厅
56平米,青塔租房,,4300,建邦枫景,,10,,1室1厅
71平米,北苑租房,,5500,北苑6号院,,10,,2室1厅
97平米,后沙峪租房,,4800,双裕花园东区,,6,,2室1厅
161平米,大望路租房,,15000,珠江帝景,,8,,3室1厅
54平米,酒仙桥租房,,4800,酒仙桥十一街坊,,10,,2室1厅
87平米,望京租房,,8000,望京西园三区,,5,,1室1厅
60平米,六铺炕租房,,6000,什坊街,,14,,2室1厅
105平米,鲁谷租房,,6800,远洋山水,,10,,2室2厅
88平米,宣武门租房,,13000,四合上院,,11,,2室1厅
105平米,双榆树租房,,12000,满庭芳园,,18,,2室2厅
63平米,四惠租房,,6500,双兴小区,,13,,2室1厅
41平米,金融街租房,,7000,京畿道,,10,,1室1厅
85平米,金融街租房,,12000,京畿道,,13,,2室2厅
59平米,知春路租房,,7600,知春路2号院,,7,,3室1厅
59平米,右安门外租房,,5000,玉林里小区,,6,,2室1厅
136平米,工体租房,,13500,幸福公寓,,6,,3室1厅
40平米,玉泉路租房,,3700,玉泉路11号院,,14,,1室1厅
58平米,西三旗租房,,4300,轮胎厂宿舍,,10,,2室1厅
47平米,潘家园租房,,4500,方丹苑,,14,,1室1厅
138平米,潞苑租房,,5500,珠江国际城八区,,6,,3室2厅
107平米,常营租房,,7600,万象新天二区,,7,,2室1厅
92平米,北苑租房,,9000,领地OFFICE,,16,,1室1厅
49平米,天坛租房,,4700,永定门东街中里,,11,,2室1厅
41平米,金融街租房,,7000,宣武门西大街,,16,,1室0厅
84平米,北七家租房,,4200,金色漫香苑,,16,,2室1厅
67平米,五道口租房,,7500,华清嘉园,,16,,2室1厅
85平米,回龙观租房,,6000,融泽嘉园,,14,,2室1厅
71平米,万寿路租房,,6000,西翠路12号院,,8,,3室1厅
77平米,观音寺租房,,2900,观音寺小区,,11,,2室1厅
79平米,果园租房,,5500,巴克寓所,,6,,3室1厅
101平米,亚运村小营租房,,8600,紫薇天悦,,7,,2室1厅
92平米,学院路租房,,8500,富润家园,,15,,2室1厅
78平米,皂君庙租房,,7500,皂君东里,,9,,3室1厅
107平米,学院路租房,,9000,清枫华景园,,9,,2室1厅
54平米,和平里租房,,6000,和平里七区,,13,,2室1厅
153平米,朝青租房,,18000,逸翠园,,10,,3室2厅
57平米,芍药居租房,,6800,芍药居2号院,,18,,2室1厅
77平米,丽泽租房,,6600,保利百合,,7,,2室2厅
115平米,亚运村租房,,11500,保利金泉,,9,,2室1厅
62平米,西四租房,,6800,三不老胡同,,14,,2室1厅
57平米,双井租房,,7200,时代国际嘉园,,10,,1室0厅
86平米,亦庄租房,,6000,上海沙龙,,11,,2室1厅
60平米,马甸租房,,6600,裕中西里,,9,,2室1厅
116平米,亚运村租房,,11600,保利金泉,,8,,2室1厅
62平米,永定门租房,,4600,富莱茵花园,,13,,2室1厅
59平米,工体租房,,7800,东直门外大街,,12,,2室1厅
71平米,北苑租房,,5500,北苑6号院,,10,,2室1厅
97平米,后沙峪租房,,4800,双裕花园东区,,6,,2室1厅
87平米,望京租房,,8000,望京西园三区,,5,,1室1厅
60平米,六铺炕租房,,6000,什坊街,,14,,2室1厅
105平米,鲁谷租房,,6800,远洋山水,,10,,2室2厅
88平米,宣武门租房,,13000,四合上院,,11,,2室1厅
105平米,双榆树租房,,12000,满庭芳园,,18,,2室2厅
63平米,四惠租房,,6500,双兴小区,,13,,2室1厅
41平米,金融街租房,,7000,京畿道,,10,,1室1厅
85平米,金融街租房,,12000,京畿道,,13,,2室2厅
59平米,知春路租房,,7600,知春路2号院,,7,,3室1厅
59平米,右安门外租房,,5000,玉林里小区,,6,,2室1厅
56平米,青塔租房,,4300,建邦枫景,,10,,1室1厅
56平米,右安门内租房,,5300,右安门内西街甲10号院,,5,,2室2厅
130平米,望京租房,,14000,慧谷阳光,,7,,3室2厅
55平米,马连道租房,,5300,红莲北里,,74,,2室1厅
62平米,永定门租房,,4600,富莱茵花园,,13,,2室1厅
59平米,工体租房,,7800,东直门外大街,,12,,2室1厅
60平米,新街口租房,,6000,索家坟,,6,,2室1厅
72平米,方庄租房,,6100,紫芳园一区,,16,,2室1厅
80平米,潞苑租房,,5200,K2清水湾,,7,,3室1厅
51平米,永定门租房,,4500,富莱茵花园,,16,,2室1厅
54平米,月坛租房,,6800,铁二区,,9,,2室0厅
108平米,赵公口租房,,8000,世华水岸F区,,8,,2室1厅
118平米,望京租房,,14000,融科橄榄城三期,,8,,2室2厅
85平米,良乡租房,,3100,阳光邑上,,4,,2室2厅
63平米,九棵树(家乐福)租房,,3300,大方居,,20,,1室1厅
71平米,北苑租房,,5500,北苑6号院,,10,,2室1厅
97平米,后沙峪租房,,4800,双裕花园东区,,6,,2室1厅
161平米,大望路租房,,15000,珠江帝景,,8,,3室1厅
54平米,酒仙桥租房,,4800,酒仙桥十一街坊,,10,,2室1厅
87平米,望京租房,,8000,望京西园三区,,5,,1室1厅
60平米,六铺炕租房,,6000,什坊街,,14,,2室1厅
105平米,鲁谷租房,,6800,远洋山水,,10,,2室2厅
71平米,世纪城租房,,7600,远大园六区,,9,,2室1厅
40平米,玉泉路租房,,3700,玉泉路11号院,,14,,1室1厅
58平米,西三旗租房,,4300,轮胎厂宿舍,,10,,2室1厅
47平米,潘家园租房,,4500,方丹苑,,14,,1室1厅
138平米,潞苑租房,,5500,珠江国际城八区,,6,,3室2厅
107平米,常营租房,,7600,万象新天二区,,7,,2室1厅
92平米,北苑租房,,9000,领地OFFICE,,16,,1室1厅
49平米,天坛租房,,4700,永定门东街中里,,11,,2室1厅
69平米,劲松租房,,6600,劲松九区,,9,,3室1厅
57平米,六铺炕租房,,6500,塔院胡同12号院,,15,,2室1厅
110平米,亦庄租房,,7200,金地格林小镇,,8,,2室2厅
38平米,右安门内租房,,3200,右安门内西街甲10号院,,12,,1室1厅
54平米,三元桥租房,,7500,UHN国际村,,11,,1室0厅
99平米,北关租房,,4300,财富东方,,9,,2室1厅
158平米,马驹桥租房,,6000,融科香雪兰溪,,7,,3室2厅
71平米,十里堡租房,,5700,甘露西园,,10,,2室1厅
39平米,五里店租房,,2300,丰西北里,,12,,1室1厅
54平米,双桥租房,,4000,远洋一方润园6号院,,10,,1室1厅
56平米,五道口租房,,6500,王庄路15号院,,15,,2室1厅
69平米,五棵松租房,,5500,复兴路79号院,,7,,3室1厅
126平米,成寿寺租房,,8000,四方景园四区,,7,,3室1厅
90平米,双井租房,,9000,首城国际,,10,,2室1厅
85平米,知春路租房,,9000,知春嘉园,,10,,2室1厅
69平米,马连道租房,,5500,依莲轩,,19,,1室1厅
60平米,新街口租房,,6000,索家坟,,6,,2室1厅
72平米,方庄租房,,6100,紫芳园一区,,16,,2室1厅
80平米,潞苑租房,,5200,K2清水湾,,7,,3室1厅
87平米,清河租房,,6600,清缘东里,,14,,2室1厅
75平米,北大地租房,,5200,文体路乙11号院,,14,,2室1厅
120平米,方庄租房,,8200,芳城园一区,,10,,3室1厅
47平米,方庄租房,,5200,芳城园三区,,12,,1室1厅
58平米,和平里租房,,6800,交林,,10,,3室1厅
118平米,望京租房,,14000,融科橄榄城三期,,8,,2室2厅
96平米,百子湾租房,,7500,沿海赛洛城,,17,,2室2厅
71平米,世纪城租房,,7600,远大园六区,,9,,2室1厅
54平米,西三旗租房,,4200,悦秀园,,13,,1室1厅
175平米,五棵松租房,,24000,紫金长安,,9,,3室2厅
148平米,金宝街租房,,24000,禾风仕家,,8,,3室1厅
148平米,金宝街租房,,24000,禾风仕家,,8,,3室1厅
96平米,百子湾租房,,7500,沿海赛洛城,,17,,2室2厅
64平米,朝阳门外租房,,8000,东大桥路,,9,,2室1厅
78平米,清河租房,,5300,宝盛里,,9,,2室1厅
58平米,方庄租房,,5400,芳星园三区,,10,,2室1厅
87平米,清河租房,,6600,清缘东里,,14,,2室1厅
75平米,北大地租房,,5200,文体路乙11号院,,14,,2室1厅
120平米,方庄租房,,8200,芳城园一区,,10,,3室1厅
58平米,和平里租房,,6800,交林,,10,,3室1厅
47平米,方庄租房,,5200,芳城园三区,,12,,1室1厅
55平米,望京租房,,6700,夏都盈座,,11,,1室1厅
48平米,广安门租房,,6800,荣丰2008,,18,,1室1厅
89平米,朝青租房,,9200,珠江罗马嘉园东区,,20,,2室1厅
86平米,西红门租房,,4500,宏盛家园,,8,,2室1厅
87平米,九棵树(家乐福)租房,,3500,大方居,,14,,2室1厅
47平米,马家堡租房,,5200,星河城西区,,1,,1室1厅
47平米,马家堡租房,,5000,星河城西区,,2,,1室1厅
55平米,青塔租房,,4300,长安新城一区,,2,,1室0厅
73平米,长椿街租房,,7800,报国寺东夹道1号东院,,1,,3室1厅
64平米,工体租房,,7500,工体北路,,1,,2室0厅
65平米,安贞租房,,5500,安外大街,,2,,2室1厅
192平米,广安门租房,,17000,恒昌花园,,3,,4室2厅
35平米,门头沟其它租房,,1800,军庄杨坨小区,,4,,1室1厅
127平米,世纪城租房,,11500,怡丽南园,,2,,3室1厅
86平米,西红门租房,,4300,星光佳园,,1,,2室1厅
94平米,良乡租房,,3000,月华小区,,1,,3室1厅
107平米,立水桥租房,,8000,北方明珠,,5,,2室1厅
89平米,鼓楼大街租房,,4000,金隅万科城,,1,,2室1厅
53平米,红庙租房,,5500,红庙北里,,4,,2室1厅
59平米,北京南站租房,,5500,右外东庄,,4,,2室1厅
131平米,大望路租房,,13000,后现代城,,4,,3室1厅
42平米,天宁寺租房,,4000,白菜湾社区,,3,,1室1厅
112平米,玉泉路租房,,7200,玉阜嘉园,,4,,2室1厅
62平米,新华大街租房,,4900,富力金禧花园,,1,,1室1厅
46平米,西单租房,,6200,钟声胡同,,4,,1室1厅
58平米,黄村中租房,,2900,三合北巷,,4,,1室1厅
86平米,二里庄租房,,7200,健翔园,,2,,2室1厅
86平米,科技园区租房,,3200,长丰园一区,,4,,2室1厅
46平米,蒲黄榆租房,,4300,蒲黄榆五巷,,3,,1室1厅
82平米,滨河西区租房,,3500,永兴小区,,4,,2室1厅
39平米,双榆树租房,,5200,双榆树东里,,4,,1室1厅
84平米,知春路租房,,7500,汉荣家园,,4,,2室1厅
90平米,五道口租房,,12000,华清嘉园,,3,,3室1厅
49平米,劲松租房,,4000,广渠门外大街6号院,,5,,2室1厅
39平米,朝阳门外租房,,4600,新中西街,,2,,1室1厅
86平米,大山子租房,,7500,银枫家园,,5,,1室1厅
206平米,亚运村租房,,12000,天创世缘,,5,,4室2厅
71平米,东关租房,,2500,昌盛园四区,,2,,2室1厅
46平米,东花市租房,,5000,本家润园三期,,5,,1室1厅
53平米,五里店租房,,3500,丰西北里,,3,,1室1厅
35平米,门头沟其它租房,,1800,军庄杨坨小区,,4,,1室1厅
127平米,世纪城租房,,11500,怡丽南园,,2,,3室1厅
86平米,西红门租房,,4300,星光佳园,,1,,2室1厅
94平米,良乡租房,,3000,月华小区,,1,,3室1厅
107平米,立水桥租房,,8000,北方明珠,,5,,2室1厅
47平米,马家堡租房,,5200,星河城西区,,1,,1室1厅
47平米,马家堡租房,,5000,星河城西区,,2,,1室1厅
55平米,青塔租房,,4300,长安新城一区,,2,,1室0厅
73平米,长椿街租房,,7800,报国寺东夹道1号东院,,1,,3室1厅
64平米,工体租房,,7500,工体北路,,1,,2室0厅
62平米,团结湖租房,,8000,水碓子社区,,3,,3室1厅
105平米,亚运村租房,,8900,安慧北里逸园,,3,,2室1厅
62平米,永定门租房,,6300,定安里,,1,,3室1厅
63平米,果园租房,,3300,葛布店东里,,4,,2室1厅
71平米,酒仙桥租房,,7500,燕莎后,,2,,1室1厅
103平米,卢沟桥租房,,4200,新月家园,,1,,2室1厅
63平米,建国门外租房,,7000,长安6号,,2,,1室0厅
140平米,奥林匹克公园租房,,11000,澳景花庭,,5,,3室1厅
55平米,新街口租房,,5800,红联村,,2,,2室1厅
59平米,中关村租房,,7200,航天社区,,1,,1室1厅
73平米,首都机场租房,,3400,南平里,,1,,2室2厅
114平米,世纪城租房,,11000,烟树园,,1,,3室1厅
45平米,左安门租房,,5300,龙潭北里五条,,3,,2室1厅
42平米,天宁寺租房,,4000,白菜湾社区,,3,,1室1厅
112平米,玉泉路租房,,7200,玉阜嘉园,,4,,2室1厅
62平米,新华大街租房,,4900,富力金禧花园,,1,,1室1厅
46平米,西单租房,,6200,钟声胡同,,4,,1室1厅
75平米,东大桥租房,,16000,世贸国际公寓,,2,,1室0厅
46平米,豆各庄租房,,3000,富力又一城C区,,1,,1室1厅
49平米,东关租房,,2300,东关北里小区,,2,,1室1厅
33平米,广安门租房,,3600,荣丰2008,,5,,1室0厅
99平米,回龙观租房,,5500,龙跃苑四区,,2,,2室1厅
135平米,七里庄租房,,7500,庄维花园,,1,,3室1厅
73平米,定福庄租房,,4500,福怡苑,,4,,2室1厅
76平米,苹果园租房,,4700,苹果园小区三区,,4,,2室1厅
97平米,科技园区租房,,8000,万科蓝蓝沁家园,,2,,3室1厅
57平米,芍药居租房,,6500,高原街4号院,,2,,2室1厅
61平米,大峪租房,,2800,永新小区,,2,,2室1厅
71平米,良乡租房,,2500,行宫园二里,,3,,2室1厅
91平米,玉泉营租房,,6600,万年花城二期,,2,,2室1厅
71平米,良乡租房,,2500,行宫园二里,,3,,2室1厅
91平米,玉泉营租房,,6600,万年花城二期,,2,,2室1厅
50平米,望京租房,,5000,望京路3号院,,2,,1室1厅
56平米,看丹桥租房,,4200,韩庄子二里,,4,,2室1厅
51平米,大望路租房,,6000,后现代城,,2,,1室0厅
65平米,芍药居租房,,6000,芍药居北里,,2,,2室1厅
56平米,木樨园租房,,5000,南木樨园,,1,,2室1厅
84平米,天宫院租房,,4000,保利春天里一区,,1,,2室1厅
49平米,西关环岛租房,,2300,西环里,,5,,2室1厅
90平米,临河里租房,,4100,DBC加州小镇C区,,2,,2室1厅
110平米,木樨园租房,,6300,南曦大厦,,3,,2室1厅
45平米,定慧寺租房,,4600,八里庄北里,,1,,1室1厅
85平米,黄村北租房,,5500,保利茉莉公馆,,5,,2室1厅
54平米,良乡租房,,2400,宜春里,,3,,2室1厅
73平米,马连道租房,,6500,馨莲茗园,,4,,1室1厅
105平米,杨庄租房,,6300,杨庄中区,,4,,3室1厅
75平米,东大桥租房,,16000,世贸国际公寓,,2,,1室0厅
46平米,豆各庄租房,,3000,富力又一城C区,,1,,1室1厅
49平米,东关租房,,2300,东关北里小区,,2,,1室1厅
33平米,广安门租房,,3600,荣丰2008,,5,,1室0厅
99平米,回龙观租房,,5500,龙跃苑四区,,2,,2室1厅
135平米,七里庄租房,,7500,庄维花园,,1,,3室1厅
73平米,定福庄租房,,4500,福怡苑,,4,,2室1厅
76平米,苹果园租房,,4700,苹果园小区三区,,4,,2室1厅
97平米,科技园区租房,,8000,万科蓝蓝沁家园,,2,,3室1厅
87平米,良乡租房,,2700,月华小区,,1,,2室1厅
57平米,惠新西街租房,,6200,小关北里,,4,,2室1厅
61平米,CBD租房,,13000,万达广场公寓,,2,,1室1厅
57平米,甜水园租房,,8200,公园五号,,2,,1室0厅
83平米,观音寺租房,,3000,观音寺小区,,1,,2室1厅
104平米,科技园区租房,,7000,天龙华鹤,,2,,3室1厅
40平米,清河租房,,4900,燕清源,,4,,1室1厅
80平米,鼓楼大街租房,,3500,新新公寓,,2,,1室1厅
56平米,看丹桥租房,,4200,韩庄子二里,,4,,2室1厅
51平米,大望路租房,,6000,后现代城,,2,,1室0厅
65平米,芍药居租房,,6000,芍药居北里,,2,,2室1厅
56平米,木樨园租房,,5000,南木樨园,,1,,2室1厅
84平米,天宫院租房,,4000,保利春天里一区,,1,,2室1厅
57平米,滨河西区租房,,3000,月季园东里,,3,,2室1厅
51平米,天宁寺租房,,4700,车站东街15号院,,5,,2室1厅
56平米,陶然亭租房,,6300,高家寨,,2,,2室1厅
60平米,大峪租房,,2600,新桥路小区,,4,,2室1厅
61平米,小西天租房,,6000,学院南路32号院,,5,,2室1厅
72平米,工体租房,,11000,海晟国际公寓,,2,,1室1厅
81平米,立水桥租房,,4600,佳运园一期,,3,,2室1厅
160平米,朝青租房,,14000,珠江罗马嘉园东区,,2,,3室2厅
95平米,双井租房,,10000,苹果社区北区,,2,,2室1厅
186平米,百子湾租房,,15000,金海国际南区,,3,,3室1厅
96平米,北苑租房,,7500,华贸城,,5,,2室1厅
59平米,太平桥租房,,5300,太平桥小区,,4,,2室1厅
45平米,望京租房,,5100,点击未来,,3,,1室0厅
82平米,梨园租房,,4000,时尚街区东区,,6,,2室1厅
58平米,劲松租房,,5300,武圣东里,,3,,2室1厅
55平米,看丹桥租房,,4200,韩庄子四里,,4,,2室1厅
29平米,天通苑租房,,3500,东亚奥北中心北区,,14,,1房间1卫
117平米,二里庄租房,,16000,石油大院,,7,,3室2厅
35平米,太平桥租房,,3700,威尔夏大道,,6,,1房间1卫
191平米,金融街租房,,26000,丰汇园小区,,12,,4室2厅
162平米,西二旗租房,,12000,燕尚园,,12,,4室1厅
79平米,马家堡租房,,5500,角门16号院,,11,,3室1厅
128平米,亚运村小营租房,,8000,阳明广场,,10,,2室1厅
109平米,工体租房,,12000,聚龙花园,,16,,1室2厅
211平米,西直门租房,,19500,时代之光名苑,,13,,3室2厅
162平米,西二旗租房,,12000,燕尚园,,12,,4室1厅
79平米,马家堡租房,,5500,角门16号院,,11,,3室1厅
182平米,东直门租房,,32000,当代MOMA,,11,,3室1厅
92平米,阎村租房,,2700,绿城百合公寓霁雪苑,,13,,2室1厅
106平米,海淀北部新区租房,,5500,正源尚峰尚水,,12,,2室1厅
87平米,芍药居租房,,8800,芍药居北里,,14,,3室1厅
180平米,亦庄租房,,12000,金地格林小镇,,11,,3室2厅
191平米,金融街租房,,26000,丰汇园小区,,12,,4室2厅
218平米,健翔桥租房,,26000,元大都7号,,8,,3室1厅
76平米,海淀北部新区租房,,3800,温泉路45号院,,8,,2室1厅
148平米,甘家口租房,,20000,建设部大院,,9,,4室2厅
56平米,芍药居租房,,7500,隆远阁,,16,,1室1厅
212平米,望京租房,,37000,东湖湾三期,,1,,4室2厅
180平米,科技园区租房,,24000,中海九号公馆,,10,,3室2厅
85平米,良乡租房,,2500,月华小区,,0,,2室1厅
140平米,东直门租房,,23500,万国城MOMA,,11,,3室1厅
60平米,马连道租房,,5300,红莲南里,,10,,2室1厅
76平米,田村租房,,6500,田村路19号院,,9,,3室1厅
124平米,西关环岛租房,,3600,西环里,,7,,3室2厅
90平米,西直门租房,,10000,玉桃园二区,,0,,2室2厅
147平米,万柳租房,,20000,光大水墨风景,,9,,3室1厅
55平米,公主坟租房,,6200,翠微西里,,9,,2室1厅
143平米,世纪城租房,,14300,时雨园,,10,,3室1厅
113平米,广渠门租房,,9500,培新街乙5号院,,9,,2室1厅
66平米,马甸租房,,6000,马甸南村,,9,,2室1厅
82平米,良乡租房,,2700,苏庄一里小区,,10,,2室1厅
91平米,良乡租房,,3700,行宫园一里,,10,,3室1厅
66平米,马甸租房,,6000,马甸南村,,9,,2室1厅
82平米,良乡租房,,2700,苏庄一里小区,,10,,2室1厅
55平米,公主坟租房,,6200,翠微西里,,9,,2室1厅
143平米,世纪城租房,,14300,时雨园,,10,,3室1厅
183平米,万柳租房,,21000,涧桥泊屋,,17,,3室2厅
89平米,后沙峪租房,,5500,万科城市花园,,8,,2室2厅
143平米,九棵树(家乐福)租房,,8500,龙湖花盛香醍,,13,,3室1厅
154平米,枣园租房,,6500,丽园A区,,9,,3室2厅
156平米,东大桥租房,,19000,旺座中心,,12,,2室2厅
183平米,望京租房,,23000,融科橄榄城一期,,4,,4室2厅
53平米,天宁寺租房,,4000,广安门外南街,,15,,2室1厅
95平米,后沙峪租房,,10000,江山赋,,10,,2室1厅
132平米,黄村中租房,,6200,清澄名苑南区,,12,,3室2厅
144平米,亚运村小营租房,,13000,欧陆经典,,10,,3室1厅
155平米,望京租房,,15500,上京新航线,,0,,3室2厅
91平米,玉泉营租房,,6200,三环新城7号院,,10,,2室1厅
153平米,五道口租房,,15500,东升园,,10,,3室2厅
57平米,鲁谷租房,,4400,远洋山水,,24,,1室0厅
42平米,玉泉路租房,,6500,十一教工楼,,15,,1室1厅
131平米,亦庄租房,,6700,赋前倮,,10,,2室2厅
105平米,三里屯租房,,17000,首开铂郡12号院,,18,,1室1厅
113平米,后沙峪租房,,14000,中粮祥云国际生活区,,9,,2室1厅
44平米,上地租房,,5000,宜品上层,,23,,1房间1卫
229平米,望京租房,,26000,宝星国际三期,,3,,3室2厅
56平米,五道口租房,,6500,科源小区,,13,,2室1厅
97平米,良乡租房,,2800,伟业嘉园西里,,9,,2室2厅
56平米,朝青租房,,9200,青年工社,,36,,1房间2卫
74平米,五道口租房,,8000,华清嘉园,,16,,2室1厅
76平米,双井租房,,9300,CBD总部公寓二期,,11,,2室1厅
115平米,团结湖租房,,12800,锦湖园公寓,,12,,2室2厅
172平米,豆各庄租房,,7500,富力又一城A区,,8,,3室2厅
30平米,武夷花园租房,,3100,百合湾,,37,,3房间2卫
141平米,望京租房,,14000,朝庭公寓,,0,,3室2厅
110平米,上地租房,,8600,上地西里,,19,,2室1厅
55平米,五道口租房,,8500,清华大学校内,,20,,2室1厅
82平米,木樨地租房,,8500,西便门西里,,21,,3室1厅
171平米,CBD租房,,16000,阳光100,,11,,3室1厅
114平米,奥林匹克公园租房,,8000,裕瑞轩,,8,,3室1厅
69平米,北苑租房,,6500,天翠园,,15,,1室1厅
72平米,左安门租房,,6100,长青园,,12,,2室1厅
104平米,南邵租房,,4200,长滩壹号,,9,,3室2厅
92平米,南邵租房,,4300,长滩壹号,,8,,3室2厅
91平米,清河租房,,6000,宝盛北里,,15,,2室1厅
79平米,朝青租房,,9200,天鹅湾北区,,14,,1室1厅
69平米,科技园区租房,,5000,怡海花园恒泰园,,9,,2室1厅
183平米,新华大街租房,,12000,京杭府,,7,,3室2厅
71平米,顺义其它租房,,3800,东方太阳城,,19,,1室1厅
87平米,西直门租房,,9000,德胜门西大街74号,,18,,3室1厅
34平米,六里桥租房,,6000,华尔街观典,,72,,3房间1卫
69平米,宣武门租房,,11500,庄胜二期,,9,,2室1厅
64平米,高碑店租房,,5700,兴隆家园,,6,,1室1厅
50平米,西直门租房,,5600,玉桃园三区,,6,,1室1厅
54平米,百子湾租房,,5800,沿海赛洛城,,8,,1室1厅
61平米,六铺炕租房,,6500,六铺炕一区6号院,,6,,2室1厅
50平米,良乡租房,,2400,北关东路社区,,6,,2室1厅
76平米,和平里租房,,7500,锦鸿阁,,4,,1室1厅
42平米,石佛营租房,,4300,八里庄北里小区,,6,,1室1厅
49平米,三元桥租房,,7600,UHN国际村,,7,,1室1厅
62平米,欢乐谷租房,,6000,世纪东方城,,9,,1室1厅
38平米,甘露园租房,,4400,天天朝阳,,5,,1室0厅
